title,price,brand,component,carmodel
YC5 (S) - REAR BUMPER,1970.0,MARUTI SUZUKI,Rear Bumper,A-Star
YC5 (S) FRONT BUMPER,2140.0,MARUTI SUZUKI,Front Bumper ,A-Star
PANELFRONT HOOD,4285.0,MARUTI SUZUKI,Bonnet Lid,A-Star
HINGEFRONT HOODL,160.0,MARUTI SUZUKI,Bonnet Hinge,A-Star
LATCH HOOD,315.0,MARUTI SUZUKI,Bonnet Lock,A-Star
SEAL HOOD REAR,135.0,MARUTI SUZUKI,Bonnet Seal,A-Star
SILENCERFRONT HOOD,590.0,MARUTI SUZUKI,Bonnet Silencing Material,A-Star
CLIP,54.0,MARUTI SUZUKI,Bonnet Stay Rod Holder,A-Star
STAY FRONT HOOD,32.0,MARUTI SUZUKI,Bonnet Strut,A-Star
BRACEHOOD LOCK,110.0,MARUTI SUZUKI,Bonnet Support Bracket,A-Star
GARNISHCOWL TOP SIDER BLACK,48.0,MARUTI SUZUKI,Bonnet Trim,A-Star
MIRROR ASSYOUT REAR VIEW L,2100.0,MARUTI SUZUKI,Outside Mirror,A-Star
GLASSWINDSHIELD,4140.0,MARUTI SUZUKI,Front Windshield,A-Star
GLASSBACK DOOR WINDOW,1544.0,MARUTI SUZUKI,Rear Windshield,A-Star
MOLDING WINDSHIELD,440.0,MARUTI SUZUKI,Windshield Seal,A-Star
STRIKER COMPBACK DOOR LATCH,65.0,MARUTI SUZUKI,Door Catch,A-Star
STOP COMPSIDE DOOR OPEN,155.0,MARUTI SUZUKI,Door Check Arm,A-Star
HANDLE ASSY SIDE DOOR OUT LH (BLACK),254.0,MARUTI SUZUKI,Door HandleTitle,A-Star
BODY STEERING LOCK,1210.0,MARUTI SUZUKI,Door Handle Bracket,A-Star
HINGE FRONT DOOR LOWER LH,165.0,MARUTI SUZUKI,Door Hinge,A-Star
LID RR QUARTER TRIM (GRAY),120.0,MARUTI SUZUKI,Door Hinge Cover,A-Star
LATCH ASSY REAR DOOR L,1032.0,MARUTI SUZUKI,Door Latch,A-Star
CYLINDER FR DOOR LATCH LH,255.0,MARUTI SUZUKI,Door Lock Cylinder,A-Star
CABLE BACK DOOR OPENER,180.0,MARUTI SUZUKI,Door Lock Link,A-Star
COVER REAR DOOR SEALING,11.0,MARUTI SUZUKI,Door Membrane,A-Star
WEATHERSTRIPFRONT DOOR OPNG,420.0,MARUTI SUZUKI, Door Seal,A-Star
HANDLE BACK DOOR INNER,26.0,MARUTI SUZUKI,Door Trim Cap,A-Star
PANEL FRONT FENDER LH,1945.0,MARUTI SUZUKI,Fender,A-Star
COVERSPLASHR,135.0,MARUTI SUZUKI,Fender Trim,A-Star
BODY SHELL,194845.0,MARUTI SUZUKI,Frame,Baleno
HINGE FRONT HOOD LH,245.0,MARUTI SUZUKI,Bonnet Hinge,Baleno
LATCH HOOD,240.0,MARUTI SUZUKI,Bonnet,Baleno
SEAL HOOD RR,125.0,MARUTI SUZUKI,Bonnet Seal,Baleno
SILENCER FRONT HOOD,388.0,MARUTI SUZUKI,Bonnet Silencing Material,Baleno
HOLDER STAY,11.0,MARUTI SUZUKI,Bonnet Stay Rod Holder,Baleno
STAYFRONT HOOD,30.0,MARUTI SUZUKI,Bonnet Struts,Baleno
GARNISH COWL TOP SIDE LH,25.0,MARUTI SUZUKI,Bonnet Hinge Cover,Baleno
BUMPER FRONT (BLACK),2295.0,MARUTI SUZUKI,Front Bumper,Baleno
BUMPER RR UPR (BLACK),4460.0,MARUTI SUZUKI,Rear Bumper,Baleno
HOLDER FR BUMPER SIDE LH,81.0,MARUTI SUZUKI,Bumper Brackets,Baleno
Bumper Protector Guard (Set of 4) - Black,567.0,Auto Oprema,Bumper Trim,Baleno
Door Handle Cover With Sensor Cut - Chrome (Premium) (Set of 4),843.0,GFX,Door Handle Cap,Baleno
STRIKER DOOR LATCH,65.0,MARUTI SUZUKI,Door Catch,Baleno
STOP REAR DOOR OPEN,165.0,MARUTI SUZUKI,Door Check Arm,Baleno
GLASS QTR WINDOW RH,1605.0,MARUTI SUZUKI,Window,Baleno
HANDLE FRONT DOOR OUT LH,740.0,MARUTI SUZUKI,Door Handles,Baleno
HINGE RR DOOR UPR LH,190.0,MARUTI SUZUKI,Door Hinge,Baleno
CAPFR DOOR HOLE B,12.0,MARUTI SUZUKI,Door Hinge Cover,Baleno
LATCH ASSY REAR DOOR RH,955.0,MARUTI SUZUKI,Door Latch,Baleno
COVER FRONT DOOR SEALING,31.0,MARUTI SUZUKI,Door Membrane,Baleno
WEATHERSTRIP BACK DOOR OPNG,699.0,MARUTI SUZUKI,Door Seal,Baleno
CAP,2.0,MARUTI SUZUKI,Door Trim Cap,Baleno
PANEL FRONT FENDER LH,1870.0,MARUTI SUZUKI,Fender,Baleno
STRAKE SIDE SILL REAR LH,40.0,MARUTI SUZUKI,Fender Bracket,Baleno
COVER  FRONT FENDER LH,80.0,MARUTI SUZUKI,Fender Trim,Baleno
GLASSOUT RR VIEW MIR LH,251.0,MARUTI SUZUKI,Mirror Glass,Baleno
HOLDER SUNVISOR,25.0,MARUTI SUZUKI,Mirror Sash,Baleno
Side Rear View Mirror Right,792.0,CI CAR INTERNATIONAL,Mirrors,Baleno
PANEL ASSY FRONT DOOR RH,6230.0,MARUTI SUZUKI,Door,Baleno
PANEL QUARTER RH,4265.0,MARUTI SUZUKI,Quarter Panel,Baleno
SETGLASS WINDSHIELD,3480.0,MARUTI SUZUKI,Front Windshield,Baleno
GLASS BACK DOOR WINDOW,3590.0,MARUTI SUZUKI,Rear Windshield,Baleno
Front Windshield Moulding,254.0,Elpis,Windshield Seal,Baleno
UNIT HEADLAMP RH,21415.0,MARUTI SUZUKI,Headlight,Baleno
Rear Combination Lamp Right,2887.0,Auto Gold,Rear Lamp,Baleno
HINGE FRONT HOOD LH,225.0,MARUTI SUZUKI,Bonnet Hinge,Brezza
PANEL FRONT HOOD,7280.0,MARUTI SUZUKI,Bonnet,Brezza
LATCH HOOD,440.0,MARUTI SUZUKI,Bonnet,Brezza
SEAL COWL SIDE LH,335.0,MARUTI SUZUKI,Bonnet Seal,Brezza
SILENCER FRONT HOOD,685.0,MARUTI SUZUKI,Bonnet Silencing Material,Brezza
CLIP,8.0,MARUTI SUZUKI,Bonnet Stay Rod Holder,Brezza
STAY FRONT HOOD,110.0,MARUTI SUZUKI,Bonnet Struts,Brezza
LINKAGE FR HOOD STAY,11.0,MARUTI SUZUKI,Bonnet Support Bracket,Brezza
GARNISH COWL TOP LH,774.0,MARUTI SUZUKI,Bonnet Hinge Cover,Brezza
PANEL ASSY BACK DOOR,10170.0,MARUTI SUZUKI,Boot,Brezza
BUMPER FRONT UPPER (BLACK),1305.0,MARUTI SUZUKI,Front Bumper,Brezza
BUMPER REAR LOWER,1040.0,MARUTI SUZUKI,Rear Bumper,Brezza
HOLDER FR BUMPER SIDE LH,100.0,MARUTI SUZUKI,Bumper Brackets,Brezza
Bumper Protector Guard (Set of 4) - Black,567.0,Auto Oprema,Bumper Trim,Brezza
STRIKER BACK DOOR LATCH,105.0,MARUTI SUZUKI,Door Catch,Brezza
STOP REAR DOOR OPEN,165.0,MARUTI SUZUKI,Door Check Arm,Brezza
GLASS COMPREAR DOOR WINDOWR,750.0,MARUTI SUZUKI,Window,Brezza
HANDLE ASSY DOOR INSIDE LH,105.0,MARUTI SUZUKI,Door Handles,Brezza
FRAME DOOR OUT LH,244.0,MARUTI SUZUKI,Door Handle Bracket,Brezza
HINGE RR DOOR UPR LH,190.0,MARUTI SUZUKI,Door Hinge,Brezza
LATCH ASSY REAR DOOR RH,860.0,MARUTI SUZUKI,Door Latch,Brezza
LATCH ASSY FRONT DOOR RH,834.0,MARUTI SUZUKI,Door Lock,Brezza
LOCK SETSTEERING,580.0,MARUTI SUZUKI,Door Lock Cylinder,Brezza
LEVER FUEL LID OPENER,68.0,MARUTI SUZUKI,Door Lock Link,Brezza
COVER FRONT DOOR SEALING,52.0,MARUTI SUZUKI,Door Membrane,Brezza
WEATHERSTRIP FRONT DOOR OPNGR,746.0,MARUTI SUZUKI,Door Seal,Brezza
CAP,2.0,MARUTI SUZUKI,Door Trim Cap,Brezza
Door Handle Cover (Set of 4),500.0,FALCON,Door Handle Cap,Brezza
PANEL FRONT FENDER LH,2015.0,MARUTI SUZUKI,Fender,Brezza
BRACKET FR FENDER LWR,19.0,MARUTI SUZUKI,Fender Bracket,Brezza
COVER FRONT FENDER FRL,242.0,MARUTI SUZUKI,Fender Trim,Brezza
GLASS OUT REAR VIEW RH,359.0,MARUTI SUZUKI,Mirror Glass,Brezza
HOLDER SUNVISOR,25.0,MARUTI SUZUKI,Mirror Sash,Brezza
Side Rear View Mirror Left,3068.0,Royal,Mirrors,Brezza
.COVEROUT MIRROR VISOR UPRL,165.0,MARUTI SUZUKI,Cover Outside Mirror,Brezza
PANEL ASSYFRONT DOORL,7995.0,MARUTI SUZUKI,Door,Brezza
PANEL QUARTER LH,3315.0,MARUTI SUZUKI,Quarter Panel,Brezza
GLASS BACK DOOR WINDOW,2720.0,MARUTI SUZUKI,Rear Windshield,Brezza
MOLDING WINDSHIELD,435.0,MARUTI SUZUKI,Windshield Seal,Brezza
HEADLAMP ASSY RH,22735.0,MARUTI SUZUKI,Headlight,Brezza
LAMP ASSY BACK UP LH,1995.0,MARUTI SUZUKI,Rear Lamp,Brezza
Combo Kit (Set of 6 Items),4550.0,Galio,Headlight Parts,Brezza
Combo Kit (Set of 6 Items),4550.0,Galio,Rear Light Parts,Brezza
HINGE FR HOOD LH,365.0,MARUTI SUZUKI,Bonnet Hinge,Swift
PANELFRONT HOOD,5765.0,MARUTI SUZUKI,Bonnet,Swift
LATCH HOOD,350.0,MARUTI SUZUKI,Bonnet,Swift
SEAL HOOD RR,110.0,MARUTI SUZUKI,Bonnet Seal,Swift
SILENCER FR HOOD,415.0,MARUTI SUZUKI,Bonnet Silencing Material,Swift
CLIPFR BUMPER UPPER,6.0,MARUTI SUZUKI,Bonnet Stay Rod Holder,Swift
STAY FRONT HOOD,60.0,MARUTI SUZUKI,Bonnet Struts,Swift
MEMBERHOOD LOCK,1100.0,MARUTI SUZUKI,Bonnet Support Bracket,Swift
GARNISH COWL TOP SIDE LH,33.0,MARUTI SUZUKI,Bonnet Hinge Cover,Swift
PANEL ASSY BACK DOOR,4053.0,MARUTI SUZUKI,Boot,Swift
BUMPER FRONT (BLACK),2129.0,MARUTI SUZUKI,Front Bumper,Swift
BUMPER REAR (BLACK),2685.0,MARUTI SUZUKI,Rear Bumper,Swift
HOLDER FR BUMPER FR LH,94.0,MARUTI SUZUKI,Bumper Brackets,Swift
Bumper Protector Guard (Set of 4) - Black,567.0,Auto Oprema,Bumper Trim,Swift
PANEL FRONT FENDER LH,1435.0,MARUTI SUZUKI,Fender,Swift
BRACKET FRONT FENDER RH,37.0,MARUTI SUZUKI,Fender Bracket,Swift
COVER FRONT FENDER LH,96.0,MARUTI SUZUKI,Fender Trim,Swift
Side Rear View Mirror Right,1093.0,AFRO,Mirrors,Swift
.COVERMIRROR VISORLH,105.0,MARUTI SUZUKI,Cover Outside Mirror,Swift
PANEL ASSY BACK DOOR,4053.0,MARUTI SUZUKI,Door,Swift
PANEL QTR RH,3623.0,MARUTI SUZUKI,Quarter Panel,Swift
WEATHERSTRIP FRONT DOOR OUT RH,263.0,MARUTI SUZUKI,Window Seal,Swift
GLASS WINDSHIELD,3830.0,MARUTI SUZUKI,Front Windshield,Swift
GLASS BACK DOOR WINDOW,2775.0,MARUTI SUZUKI,Rear Windshield,Swift
STRIKER BACK DOOR LATCH,640.0,MARUTI SUZUKI,Door Catch,Swift
STOP REAR DOOR OPEN,165.0,MARUTI SUZUKI,Door Check Arm,Swift
GLASS FRONT DOOR WINDOW RH,1027.0,MARUTI SUZUKI,Window,Swift
HANDLE ASSY DOOR INSIDE LH,105.0,MARUTI SUZUKI,Door Handles,Swift
BODY STEERING LOCK,1840.0,MARUTI SUZUKI,Door Handle Bracket,Swift
HINGE RR DOOR UPR LH,190.0,MARUTI SUZUKI,Door Hinge,Swift
.CAP QUARTER LOWER TRIM (BLACK),23.0,MARUTI SUZUKI,Door Hinge Cover,Swift
LATCH ASSY REAR DOOR RH,59.0,MARUTI SUZUKI,Door Latch,Swift
COVER REAR DOOR SEALING,18.0,MARUTI SUZUKI,Door Membrane,Swift
TRIM REAR DOOR OPENING,333.0,MARUTI SUZUKI,Door Seal,Swift
Rear Combination Lamp Left,2698.0,KK Lighting,Rear Lamp,Swift
HEADLAMP ASSYLH,2762.0,MARUTI SUZUKI,Headlight,Swift
PATCHFR HOOD HINGE,12.0,MARUTI SUZUKI,Bonnet Hinge,Celerio
PANEL FR HOOD,2091.0,MARUTI SUZUKI,Bonnet,Celerio
LATCH COMPHOOD,202.0,MARUTI SUZUKI,Bonnet,Celerio
SEALHOOD REAR,135.0,MARUTI SUZUKI,Bonnet Seal,Celerio
CLIP,8.0,MARUTI SUZUKI,Bonnet Stay Rod Holder,Celerio
STAY FR HOOD,57.0,MARUTI SUZUKI,Bonnet Struts,Celerio
CAP,2.0,MARUTI SUZUKI,Bonnet Hinge Cover,Celerio
PANEL ASSY BACK DOOR,5555.0,MARUTI SUZUKI,Boot,Celerio
FRONT BUMPER,1575.0,MARUTI SUZUKI,Front Bumper,Celerio
REAR BUMPER,2406.0,MARUTI SUZUKI,Rear Bumper,Celerio
HOLDER FR BUMPER LH,73.0,MARUTI SUZUKI,Bumper Brackets,Celerio
Bumper Protector Guard (Set of 4) - Black,567.0,Auto Oprema,Bumper Trim,Celerio
STRIKER BACK DOOR LATCH,166.0,MARUTI SUZUKI,Door Catch,Celerio
STOP COMPSIDE DOOR OPEN,155.0,MARUTI SUZUKI,Door Check Arm,Celerio
GLASS RR DOOR WINDOW L,590.0,MARUTI SUZUKI,Window,Celerio
HANDLE BACK DOOR,284.0,MARUTI SUZUKI,Door Handles,Celerio
FRAME DOOR OUT RH,184.0,MARUTI SUZUKI,Door Handle Bracket,Celerio
HINGE RR DOOR UPR LH,190.0,MARUTI SUZUKI,Door Hinge,Celerio
CAPFR DOOR HOLE B,12.0,MARUTI SUZUKI,Door Hinge Cover,Celerio
LATCH ASSY REAR DOOR LH,426.0,MARUTI SUZUKI,Door Latch,Celerio
OPENER FUEL LID,33.0,MARUTI SUZUKI,Door Lock Link,Celerio
COVER FR DOOR SEALING,25.0,MARUTI SUZUKI,Door Membrane,Celerio
RUN RR DOOR GLASS RH,417.0,MARUTI SUZUKI,Door Seal,Celerio
CAP,2.0,MARUTI SUZUKI,Door Trim Cap,Celerio
CAPRR DOOR OUT,45.0,MARUTI SUZUKI,Door Handle Cap,Celerio
PANEL FR FENDER R,1476.0,MARUTI SUZUKI,Fender,Celerio
COVERSPLASHL,95.0,MARUTI SUZUKI,Fender Trim,Celerio
GLASSOUT RR VIEW MIR LH,251.0,MARUTI SUZUKI,Mirror Glass,Celerio
HOLDER SUNVISOR,25.0,MARUTI SUZUKI,Mirror Sash,Celerio
Side Rear View Mirror Right,643.0,CI CAR INTERNATIONAL,Mirrors,Celerio
COVER OUT MIRROR VISOR LH,225.0,MARUTI SUZUKI,Cover Outside Mirror,Celerio
PANEL ASSY BACK DOOR,5555.0,MARUTI SUZUKI,Door,Celerio
PANEL QUARTER LH,6070.0,MARUTI SUZUKI,Quarter Panel,Celerio
GLASS BACK DOOR WINDOW,2090.0,MARUTI SUZUKI,Rear Windshield,Celerio
HEADLAMP ASSYR,2370.0,MARUTI SUZUKI,Headlight,Celerio
CLIPFR BUMPER UPPER,6.0,MARUTI SUZUKI,Headlight Parts,Celerio
LAMP UNITREAR COMB LH,1540.0,MARUTI SUZUKI,Rear Lamp,Celerio
CLIP,7.0,MARUTI SUZUKI,Rear Light Parts,Celerio
RITZ REAR BUMPER,2100.0,MARUTI SUZUKI,Rear Bumper,Ritz
RITZ FRONT BUMPER,2200.0,MARUTI SUZUKI,Front Bumper,Ritz
PANELFRONT HOOD RITZ,4500.0,MARUTI SUZUKI,Bonnet Lid,Ritz
HINGEFRONT HOOD RITZ,170.0,MARUTI SUZUKI,Bonnet Hinge,Ritz
LATCH HOOD RITZ,320.0,MARUTI SUZUKI,Bonnet Lock,Ritz
SEAL HOOD REAR RITZ,140.0,MARUTI SUZUKI,Bonnet Seal,Ritz
SILENCERFRONT HOOD RITZ,600.0,MARUTI SUZUKI,Bonnet Silencing Material,Ritz
CLIP RITZ,55.0,MARUTI SUZUKI,Bonnet Stay Rod Holder,Ritz
STAY FRONT HOOD RITZ,35.0,MARUTI SUZUKI,Bonnet Strut,Ritz
BRACEHOOD LOCK RITZ,120.0,MARUTI SUZUKI,Bonnet Support Bracket,Ritz
GARNISHCOWL TOP SIDER RITZ,50.0,MARUTI SUZUKI,Bonnet Trim,Ritz
MIRROR ASSYOUT REAR VIEW RITZ,2150.0,MARUTI SUZUKI,Outside Mirror,Ritz
GLASSWINDSHIELD RITZ,4200.0,MARUTI SUZUKI,Front Windshield,Ritz
GLASSBACK DOOR WINDOW RITZ,1600.0,MARUTI SUZUKI,Rear Windshield,Ritz
MOLDING WINDSHIELD RITZ,450.0,MARUTI SUZUKI,Windshield Seal,Ritz
STRIKER COMPBACK DOOR LATCH RITZ,70.0,MARUTI SUZUKI,Door Catch,Ritz
STOP COMPSIDE DOOR OPEN RITZ,160.0,MARUTI SUZUKI,Door Check Arm,Ritz
HANDLE ASSY SIDE DOOR OUT RITZ,260.0,MARUTI SUZUKI,Door HandleTitle,Ritz
BODY STEERING LOCK RITZ,1250.0,MARUTI SUZUKI,Door Handle Bracket,Ritz
HINGE FRONT DOOR LOWER RITZ,170.0,MARUTI SUZUKI,Door Hinge,Ritz
LID RR QUARTER TRIM RITZ,130.0,MARUTI SUZUKI,Door Hinge Cover,Ritz
LATCH ASSY REAR DOOR RITZ,1050.0,MARUTI SUZUKI,Door Latch,Ritz
CYLINDER FR DOOR LATCH RITZ,260.0,MARUTI SUZUKI,Door Lock Cylinder,Ritz
CABLE BACK DOOR OPENER RITZ,190.0,MARUTI SUZUKI,Door Lock Link,Ritz
COVER REAR DOOR SEALING RITZ,12.0,MARUTI SUZUKI,Door Membrane,Ritz
WEATHERSTRIPFRONT DOOR OPNG RITZ,430.0,MARUTI SUZUKI,Door Seal,Ritz
HANDLE BACK DOOR INNER RITZ,28.0,MARUTI SUZUKI,Door Trim Cap,Ritz
PANEL FRONT FENDER RITZ,2000.0,MARUTI SUZUKI,Fender,Ritz
COVERSPLASHR RITZ,140.0,MARUTI SUZUKI,Fender Trim,Ritz
BODY SHELL RITZ,195000.0,MARUTI SUZUKI,Frame,Ritz
HOLDER STAY RITZ,12.0,MARUTI SUZUKI,Bonnet Stay Rod Holder,Ritz
STAYFRONT HOOD RITZ,32.0,MARUTI SUZUKI,Bonnet Struts,Ritz
GARNISH COWL TOP SIDE RITZ,26.0,MARUTI SUZUKI,Bonnet Hinge Cover,Ritz
BUMPER FRONT RITZ,2300.0,MARUTI SUZUKI,Front Bumper,Ritz
BUMPER RR UPR RITZ,4500.0,MARUTI SUZUKI,Rear Bumper,Ritz
HOLDER FR BUMPER SIDE RITZ,85.0,MARUTI SUZUKI,Bumper Brackets,Ritz
Bumper Protector Guard RITZ,570.0,Auto Oprema,Bumper Trim,Ritz
Door Handle Cover RITZ,850.0,GFX,Door Handle Cap,Ritz
STRIKER DOOR LATCH RITZ,70.0,MARUTI SUZUKI,Door Catch,Ritz
STOP REAR DOOR OPEN RITZ,170.0,MARUTI SUZUKI,Door Check Arm,Ritz
GLASS QTR WINDOW RITZ,1650.0,MARUTI SUZUKI,Window,Ritz
HANDLE FRONT DOOR OUT RITZ,750.0,MARUTI SUZUKI,Door Handles,Ritz
HINGE RR DOOR UPR RITZ,200.0,MARUTI SUZUKI,Door Hinge,Ritz
CAPFR DOOR HOLE RITZ,13.0,MARUTI SUZUKI,Door Hinge Cover,Ritz
LATCH ASSY REAR DOOR RITZ,960.0,MARUTI SUZUKI,Door Latch,Ritz
COVER FRONT DOOR SEALING RITZ,32.0,MARUTI SUZUKI,Door Membrane,Ritz
WEATHERSTRIP BACK DOOR OPNG RITZ,700.0,MARUTI SUZUKI,Door Seal,Ritz
CAP RITZ,3.0,MARUTI SUZUKI,Door Trim Cap,Ritz
PANEL FRONT FENDER RITZ,1900.0,MARUTI SUZUKI,Fender,Ritz
STRAKE SIDE SILL REAR RITZ,42.0,MARUTI SUZUKI,Fender Bracket,Ritz
COVER FRONT FENDER RITZ,85.0,MARUTI SUZUKI,Fender Trim,Ritz
GLASSOUT RR VIEW MIR RITZ,260.0,MARUTI SUZUKI,Mirror Glass,Ritz
HOLDER SUNVISOR RITZ,26.0,MARUTI SUZUKI,Mirror Sash,Ritz
Side Rear View Mirror RITZ,800.0,CI CAR INTERNATIONAL,Mirrors,Ritz
PANEL ASSY FRONT DOOR RITZ,6300.0,MARUTI SUZUKI,Door,Ritz
PANEL QUARTER RITZ,4300.0,MARUTI SUZUKI,Quarter Panel,Ritz
SETGLASS WINDSHIELD RITZ,3500.0,MARUTI SUZUKI,Front Windshield,Ritz
GLASS BACK DOOR WINDOW RITZ,3600.0,MARUTI SUZUKI,Rear Windshield,Ritz
Front Windshield Moulding RITZ,260.0,Elpis,Windshield Seal,Ritz
UNIT HEADLAMP RITZ,21500.0,MARUTI SUZUKI,Headlight,Ritz
Rear Combination Lamp RITZ,2900.0,Auto Gold,Rear Lamp,Ritz
S-PRESSO REAR BUMPER,1800.0,MARUTI SUZUKI,Rear Bumper,S-Presso
S-PRESSO FRONT BUMPER,1900.0,MARUTI SUZUKI,Front Bumper,S-Presso
PANELFRONT HOOD S-PRESSO,4000.0,MARUTI SUZUKI,Bonnet Lid,S-Presso
HINGEFRONT HOOD S-PRESSO,150.0,MARUTI SUZUKI,Bonnet Hinge,S-Presso
LATCH HOOD S-PRESSO,300.0,MARUTI SUZUKI,Bonnet Lock,S-Presso
SEAL HOOD REAR S-PRESSO,130.0,MARUTI SUZUKI,Bonnet Seal,S-Presso
SILENCERFRONT HOOD S-PRESSO,550.0,MARUTI SUZUKI,Bonnet Silencing Material,S-Presso
CLIP S-PRESSO,50.0,MARUTI SUZUKI,Bonnet Stay Rod Holder,S-Presso
STAY FRONT HOOD S-PRESSO,30.0,MARUTI SUZUKI,Bonnet Strut,S-Presso
BRACEHOOD LOCK S-PRESSO,100.0,MARUTI SUZUKI,Bonnet Support Bracket,S-Presso
GARNISHCOWL TOP SIDER S-PRESSO,45.0,MARUTI SUZUKI,Bonnet Trim,S-Presso
MIRROR ASSYOUT REAR VIEW S-PRESSO,2000.0,MARUTI SUZUKI,Outside Mirror,S-Presso
GLASSWINDSHIELD S-PRESSO,4000.0,MARUTI SUZUKI,Front Windshield,S-Presso
GLASSBACK DOOR WINDOW S-PRESSO,1500.0,MARUTI SUZUKI,Rear Windshield,S-Presso
MOLDING WINDSHIELD S-PRESSO,430.0,MARUTI SUZUKI,Windshield Seal,S-Presso
STRIKER COMPBACK DOOR LATCH S-PRESSO,60.0,MARUTI SUZUKI,Door Catch,S-Presso
STOP COMPSIDE DOOR OPEN S-PRESSO,150.0,MARUTI SUZUKI,Door Check Arm,S-Presso
HANDLE ASSY SIDE DOOR OUT S-PRESSO,250.0,MARUTI SUZUKI,Door HandleTitle,S-Presso
BODY STEERING LOCK S-PRESSO,1200.0,MARUTI SUZUKI,Door Handle Bracket,S-Presso
HINGE FRONT DOOR LOWER S-PRESSO,160.0,MARUTI SUZUKI,Door Hinge,S-Presso
LID RR QUARTER TRIM S-PRESSO,110.0,MARUTI SUZUKI,Door Hinge Cover,S-Presso
LATCH ASSY REAR DOOR S-PRESSO,1000.0,MARUTI SUZUKI,Door Latch,S-Presso
CYLINDER FR DOOR LATCH S-PRESSO,250.0,MARUTI SUZUKI,Door Lock Cylinder,S-Presso
CABLE BACK DOOR OPENER S-PRESSO,170.0,MARUTI SUZUKI,Door Lock Link,S-Presso
COVER REAR DOOR SEALING S-PRESSO,10.0,MARUTI SUZUKI,Door Membrane,S-Presso
WEATHERSTRIPFRONT DOOR OPNG S-PRESSO,410.0,MARUTI SUZUKI,Door Seal,S-Presso
HANDLE BACK DOOR INNER S-PRESSO,25.0,MARUTI SUZUKI,Door Trim Cap,S-Presso
PANEL FRONT FENDER S-PRESSO,1900.0,MARUTI SUZUKI,Fender,S-Presso
COVERSPLASHR S-PRESSO,130.0,MARUTI SUZUKI,Fender Trim,S-Presso
BODY SHELL S-PRESSO,190000.0,MARUTI SUZUKI,Frame,S-Presso
HOLDER STAY S-PRESSO,10.0,MARUTI SUZUKI,Bonnet Stay Rod Holder,S-Presso
STAYFRONT HOOD S-PRESSO,28.0,MARUTI SUZUKI,Bonnet Struts,S-Presso
GARNISH COWL TOP SIDE S-PRESSO,24.0,MARUTI SUZUKI,Bonnet Hinge Cover,S-Presso
BUMPER FRONT S-PRESSO,2200.0,MARUTI SUZUKI,Front Bumper,S-Presso
BUMPER RR UPR S-PRESSO,4400.0,MARUTI SUZUKI,Rear Bumper,S-Presso
HOLDER FR BUMPER SIDE S-PRESSO,80.0,MARUTI SUZUKI,Bumper Brackets,S-Presso
Bumper Protector Guard S-PRESSO,560.0,Auto Oprema,Bumper Trim,S-Presso
Door Handle Cover S-PRESSO,840.0,GFX,Door Handle Cap,S-Presso
STRIKER DOOR LATCH S-PRESSO,60.0,MARUTI SUZUKI,Door Catch,S-Presso
STOP REAR DOOR OPEN S-PRESSO,160.0,MARUTI SUZUKI,Door Check Arm,S-Presso
GLASS QTR WINDOW S-PRESSO,1550.0,MARUTI SUZUKI,Window,S-Presso
HANDLE FRONT DOOR OUT S-PRESSO,730.0,MARUTI SUZUKI,Door Handles,S-Presso
HINGE RR DOOR UPR S-PRESSO,180.0,MARUTI SUZUKI,Door Hinge,S-Presso
CAPFR DOOR HOLE S-PRESSO,11.0,MARUTI SUZUKI,Door Hinge Cover,S-Presso
LATCH ASSY REAR DOOR S-PRESSO,950.0,MARUTI SUZUKI,Door Latch,S-Presso
COVER FRONT DOOR SEALING S-PRESSO,30.0,MARUTI SUZUKI,Door Membrane,S-Presso
WEATHERSTRIP BACK DOOR OPNG S-PRESSO,690.0,MARUTI SUZUKI,Door Seal,S-Presso
CAP S-PRESSO,2.0,MARUTI SUZUKI,Door Trim Cap,S-Presso
PANEL FRONT FENDER S-PRESSO,1850.0,MARUTI SUZUKI,Fender,S-Presso
STRAKE SIDE SILL REAR S-PRESSO,38.0,MARUTI SUZUKI,Fender Bracket,S-Presso
COVER FRONT FENDER S-PRESSO,75.0,MARUTI SUZUKI,Fender Trim,S-Presso
GLASSOUT RR VIEW MIR S-PRESSO,240.0,MARUTI SUZUKI,Mirror Glass,S-Presso
HOLDER SUNVISOR S-PRESSO,24.0,MARUTI SUZUKI,Mirror Sash,S-Presso
Side Rear View Mirror S-PRESSO,780.0,CI CAR INTERNATIONAL,Mirrors,S-Presso
PANEL ASSY FRONT DOOR S-PRESSO,6200.0,MARUTI SUZUKI,Door,S-Presso
PANEL QUARTER S-PRESSO,4250.0,MARUTI SUZUKI,Quarter Panel,S-Presso
SETGLASS WINDSHIELD S-PRESSO,3450.0,MARUTI SUZUKI,Front Windshield,S-Presso
GLASS BACK DOOR WINDOW S-PRESSO,3550.0,MARUTI SUZUKI,Rear Windshield,S-Presso
Front Windshield Moulding S-PRESSO,250.0,Elpis,Windshield Seal,S-Presso
UNIT HEADLAMP S-PRESSO,21300.0,MARUTI SUZUKI,Headlight,S-Presso
Rear Combination Lamp S-PRESSO,2850.0,Auto Gold,Rear Lamp,S-Presso
STINGRAY REAR BUMPER,2000.0,MARUTI SUZUKI,Rear Bumper,Stingray
STINGRAY FRONT BUMPER,2100.0,MARUTI SUZUKI,Front Bumper,Stingray
PANELFRONT HOOD STINGRAY,4300.0,MARUTI SUZUKI,Bonnet Lid,Stingray
HINGEFRONT HOOD STINGRAY,160.0,MARUTI SUZUKI,Bonnet Hinge,Stingray
LATCH HOOD STINGRAY,310.0,MARUTI SUZUKI,Bonnet Lock,Stingray
SEAL HOOD REAR STINGRAY,140.0,MARUTI SUZUKI,Bonnet Seal,Stingray
SILENCERFRONT HOOD STINGRAY,580.0,MARUTI SUZUKI,Bonnet Silencing Material,Stingray
CLIP STINGRAY,52.0,MARUTI SUZUKI,Bonnet Stay Rod Holder,Stingray
STAY FRONT HOOD STINGRAY,33.0,MARUTI SUZUKI,Bonnet Strut,Stingray
BRACEHOOD LOCK STINGRAY,115.0,MARUTI SUZUKI,Bonnet Support Bracket,Stingray
GARNISHCOWL TOP SIDER STINGRAY,49.0,MARUTI SUZUKI,Bonnet Trim,Stingray
MIRROR ASSYOUT REAR VIEW STINGRAY,2200.0,MARUTI SUZUKI,Outside Mirror,Stingray
GLASSWINDSHIELD STINGRAY,4250.0,MARUTI SUZUKI,Front Windshield,Stingray
GLASSBACK DOOR WINDOW STINGRAY,1580.0,MARUTI SUZUKI,Rear Windshield,Stingray
MOLDING WINDSHIELD STINGRAY,445.0,MARUTI SUZUKI,Windshield Seal,Stingray
STRIKER COMPBACK DOOR LATCH STINGRAY,68.0,MARUTI SUZUKI,Door Catch,Stingray
STOP COMPSIDE DOOR OPEN STINGRAY,158.0,MARUTI SUZUKI,Door Check Arm,Stingray
HANDLE ASSY SIDE DOOR OUT STINGRAY,260.0,MARUTI SUZUKI,Door HandleTitle,Stingray
BODY STEERING LOCK STINGRAY,1250.0,MARUTI SUZUKI,Door Handle Bracket,Stingray
HINGE FRONT DOOR LOWER STINGRAY,168.0,MARUTI SUZUKI,Door Hinge,Stingray
LID RR QUARTER TRIM STINGRAY,125.0,MARUTI SUZUKI,Door Hinge Cover,Stingray
LATCH ASSY REAR DOOR STINGRAY,1050.0,MARUTI SUZUKI,Door Latch,Stingray
CYLINDER FR DOOR LATCH STINGRAY,260.0,MARUTI SUZUKI,Door Lock Cylinder,Stingray
CABLE BACK DOOR OPENER STINGRAY,185.0,MARUTI SUZUKI,Door Lock Link,Stingray
COVER REAR DOOR SEALING STINGRAY,13.0,MARUTI SUZUKI,Door Membrane,Stingray
WEATHERSTRIPFRONT DOOR OPNG STINGRAY,425.0,MARUTI SUZUKI,Door Seal,Stingray
HANDLE BACK DOOR INNER STINGRAY,27.0,MARUTI SUZUKI,Door Trim Cap,Stingray
PANEL FRONT FENDER STINGRAY,1980.0,MARUTI SUZUKI,Fender,Stingray
COVERSPLASHR STINGRAY,138.0,MARUTI SUZUKI,Fender Trim,Stingray
BODY SHELL STINGRAY,196000.0,MARUTI SUZUKI,Frame,Stingray
HOLDER STAY STINGRAY,13.0,MARUTI SUZUKI,Bonnet Stay Rod Holder,Stingray
STAYFRONT HOOD STINGRAY,34.0,MARUTI SUZUKI,Bonnet Struts,Stingray
GARNISH COWL TOP SIDE STINGRAY,27.0,MARUTI SUZUKI,Bonnet Hinge Cover,Stingray
BUMPER FRONT STINGRAY,2350.0,MARUTI SUZUKI,Front Bumper,Stingray
BUMPER RR UPR STINGRAY,4550.0,MARUTI SUZUKI,Rear Bumper,Stingray
HOLDER FR BUMPER SIDE STINGRAY,83.0,MARUTI SUZUKI,Bumper Brackets,Stingray
Bumper Protector Guard STINGRAY,575.0,Auto Oprema,Bumper Trim,Stingray
Door Handle Cover STINGRAY,860.0,GFX,Door Handle Cap,Stingray
STRIKER DOOR LATCH STINGRAY,68.0,MARUTI SUZUKI,Door Catch,Stingray
STOP REAR DOOR OPEN STINGRAY,168.0,MARUTI SUZUKI,Door Check Arm,Stingray
GLASS QTR WINDOW STINGRAY,1620.0,MARUTI SUZUKI,Window,Stingray
HANDLE FRONT DOOR OUT STINGRAY,745.0,MARUTI SUZUKI,Door Handles,Stingray
HINGE RR DOOR UPR STINGRAY,195.0,MARUTI SUZUKI,Door Hinge,Stingray
CAPFR DOOR HOLE STINGRAY,14.0,MARUTI SUZUKI,Door Hinge Cover,Stingray
LATCH ASSY REAR DOOR STINGRAY,965.0,MARUTI SUZUKI,Door Latch,Stingray
COVER FRONT DOOR SEALING STINGRAY,33.0,MARUTI SUZUKI,Door Membrane,Stingray
WEATHERSTRIP BACK DOOR OPNG STINGRAY,705.0,MARUTI SUZUKI,Door Seal,Stingray
CAP STINGRAY,3.0,MARUTI SUZUKI,Door Trim Cap,Stingray
PANEL FRONT FENDER STINGRAY,1920.0,MARUTI SUZUKI,Fender,Stingray
STRAKE SIDE SILL REAR STINGRAY,41.0,MARUTI SUZUKI,Fender Bracket,Stingray
COVER FRONT FENDER STINGRAY,82.0,MARUTI SUZUKI,Fender Trim,Stingray
GLASSOUT RR VIEW MIR STINGRAY,255.0,MARUTI SUZUKI,Mirror Glass,Stingray
HOLDER SUNVISOR STINGRAY,26.0,MARUTI SUZUKI,Mirror Sash,Stingray
Side Rear View Mirror STINGRAY,810.0,CI CAR INTERNATIONAL,Mirrors,Stingray
PANEL ASSY FRONT DOOR STINGRAY,6250.0,MARUTI SUZUKI,Door,Stingray
PANEL QUARTER STINGRAY,4280.0,MARUTI SUZUKI,Quarter Panel,Stingray
SETGLASS WINDSHIELD STINGRAY,3520.0,MARUTI SUZUKI,Front Windshield,Stingray
GLASS BACK DOOR WINDOW STINGRAY,3620.0,MARUTI SUZUKI,Rear Windshield,Stingray
Front Windshield Moulding STINGRAY,255.0,Elpis,Windshield Seal,Stingray
UNIT HEADLAMP STINGRAY,21600.0,MARUTI SUZUKI,Headlight,Stingray
Rear Combination Lamp STINGRAY,2950.0,Auto Gold,Rear Lamp,Stingray
YC5 (S) - REAR BUMPER,1970.0,MARUTI SUZUKI,Rear Bumper,Swift Dzire
YC5 (S) FRONT BUMPER,2140.0,MARUTI SUZUKI,Front Bumper,Swift Dzire
PANELFRONT HOOD,4285.0,MARUTI SUZUKI,Bonnet Lid,Swift Dzire
HINGEFRONT HOODL,160.0,MARUTI SUZUKI,Bonnet Hinge,Swift Dzire
LATCH HOOD,315.0,MARUTI SUZUKI,Bonnet Lock,Swift Dzire
SEAL HOOD REAR,135.0,MARUTI SUZUKI,Bonnet Seal,Swift Dzire
SILENCERFRONT HOOD,590.0,MARUTI SUZUKI,Bonnet Silencing Material,Swift Dzire
CLIP,54.0,MARUTI SUZUKI,Bonnet Stay Rod Holder,Swift Dzire
STAY FRONT HOOD,32.0,MARUTI SUZUKI,Bonnet Strut,Swift Dzire
BRACEHOOD LOCK,110.0,MARUTI SUZUKI,Bonnet Support Bracket,Swift Dzire
GARNISHCOWL TOP SIDER BLACK,48.0,MARUTI SUZUKI,Bonnet Trim,Swift Dzire
BOOT REAR TRUNK,2500.0,MARUTI SUZUKI,Boot,Swift Dzire
MIRROR ASSYOUT REAR VIEW L,2100.0,MARUTI SUZUKI,Outside Mirror,Swift Dzire
GLASSWINDSHIELD,4140.0,MARUTI SUZUKI,Front Windshield,Swift Dzire
GLASSBACK DOOR WINDOW,1544.0,MARUTI SUZUKI,Rear Windshield,Swift Dzire
MOLDING WINDSHIELD,440.0,MARUTI SUZUKI,Windshield Seal,Swift Dzire
STRIKER COMPBACK DOOR LATCH,65.0,MARUTI SUZUKI,Door Catch,Swift Dzire
STOP COMPSIDE DOOR OPEN,155.0,MARUTI SUZUKI,Door Check Arm,Swift Dzire
HANDLE ASSY SIDE DOOR OUT LH (BLACK),254.0,MARUTI SUZUKI,Door Handle,Swift Dzire
BODY STEERING LOCK,1210.0,MARUTI SUZUKI,Door Handle Bracket,Swift Dzire
HINGE FRONT DOOR LOWER LH,165.0,MARUTI SUZUKI,Door Hinge,Swift Dzire
LID RR QUARTER TRIM (GRAY),120.0,MARUTI SUZUKI,Door Hinge Cover,Swift Dzire
LATCH ASSY REAR DOOR L,1032.0,MARUTI SUZUKI,Door Latch,Swift Dzire
CYLINDER FR DOOR LATCH LH,255.0,MARUTI SUZUKI,Door Lock Cylinder,Swift Dzire
CABLE BACK DOOR OPENER,180.0,MARUTI SUZUKI,Door Lock Link,Swift Dzire
COVER REAR DOOR SEALING,11.0,MARUTI SUZUKI,Door Membrane,Swift Dzire
WEATHERSTRIPFRONT DOOR OPNG,420.0,MARUTI SUZUKI,Door Seal,Swift Dzire
HANDLE BACK DOOR INNER,26.0,MARUTI SUZUKI,Door Trim Cap,Swift Dzire
PANEL FRONT FENDER LH,1945.0,MARUTI SUZUKI,Fender,Swift Dzire
COVERSPLASHR,135.0,MARUTI SUZUKI,Fender Trim,Swift Dzire
UNIT HEADLAMP RH,21415.0,MARUTI SUZUKI,Headlight,Swift Dzire
Rear Combination Lamp Right,2887.0,Auto Gold,Rear Lamp,Swift Dzire
PANEL ASSYFRONT DOORL,7995.0,MARUTI SUZUKI,Door Outer Panel,Swift Dzire
PANEL QUARTER LH,3315.0,MARUTI SUZUKI,Quarter Panel,Swift Dzire
GLASS QTR WINDOW RH,1605.0,MARUTI SUZUKI,Side Window,Swift Dzire
Side Rear View Mirror Left,3068.0,Royal,Side Mirror,Swift Dzire
FRONT BUMPER,1575.0,MARUTI SUZUKI,Front Bumper,800
REAR BUMPER,2406.0,MARUTI SUZUKI,Rear Bumper,800
PANELFRONT HOOD,2091.0,MARUTI SUZUKI,Bonnet Lid,800
LATCH COMPHOOD,202.0,MARUTI SUZUKI,Bonnet Lock,800
SEALHOOD REAR,135.0,MARUTI SUZUKI,Bonnet Seal,800
CLIP,8.0,MARUTI SUZUKI,Bonnet Stay Rod Holder,800
STAY FR HOOD,57.0,MARUTI SUZUKI,Bonnet Strut,800
BOOT REAR TRUNK,2500.0,MARUTI SUZUKI,Boot,800
MIRROR ASSYOUT REAR VIEW L,2100.0,MARUTI SUZUKI,Outside Mirror,800
GLASSWINDSHIELD,4140.0,MARUTI SUZUKI,Front Windshield,800
GLASSBACK DOOR WINDOW,1544.0,MARUTI SUZUKI,Rear Windshield,800
MOLDING WINDSHIELD,440.0,MARUTI SUZUKI,Windshield Seal,800
STRIKER COMPBACK DOOR LATCH,65.0,MARUTI SUZUKI,Door Catch,800
STOP COMPSIDE DOOR OPEN,155.0,MARUTI SUZUKI,Door Check Arm,800
HANDLE ASSY SIDE DOOR OUT LH (BLACK),254.0,MARUTI SUZUKI,Door Handle,800
HINGE FRONT DOOR LOWER LH,165.0,MARUTI SUZUKI,Door Hinge,800
LATCH ASSY REAR DOOR L,1032.0,MARUTI SUZUKI,Door Latch,800
CYLINDER FR DOOR LATCH LH,255.0,MARUTI SUZUKI,Door Lock Cylinder,800
CABLE BACK DOOR OPENER,180.0,MARUTI SUZUKI,Door Lock Link,800
WEATHERSTRIPFRONT DOOR OPNG,420.0,MARUTI SUZUKI,Door Seal,800
PANEL FRONT FENDER LH,1945.0,MARUTI SUZUKI,Fender,800
COVERSPLASHR,135.0,MARUTI SUZUKI,Fender Trim,800
UNIT HEADLAMP RH,21415.0,MARUTI SUZUKI,Headlight,800
Rear Combination Lamp Right,2887.0,Auto Gold,Rear Lamp,800
PANEL ASSYFRONT DOORL,7995.0,MARUTI SUZUKI,Door Outer Panel,800
PANEL QUARTER LH,3315.0,MARUTI SUZUKI,Quarter Panel,800
GLASS QTR WINDOW RH,1605.0,MARUTI SUZUKI,Side Window,800
Side Rear View Mirror Left,3068.0,Royal,Side Mirror,800
FRONT BUMPER,1575.0,MARUTI SUZUKI,Front Bumper,Alto
REAR BUMPER,2406.0,MARUTI SUZUKI,Rear Bumper,Alto
PANELFRONT HOOD,2091.0,MARUTI SUZUKI,Bonnet Lid,Alto
LATCH COMPHOOD,202.0,MARUTI SUZUKI,Bonnet Lock,Alto
SEALHOOD REAR,135.0,MARUTI SUZUKI,Bonnet Seal,Alto
CLIP,8.0,MARUTI SUZUKI,Bonnet Stay Rod Holder,Alto
STAY FR HOOD,57.0,MARUTI SUZUKI,Bonnet Strut,Alto
BOOT REAR TRUNK,2500.0,MARUTI SUZUKI,Boot,Alto
MIRROR ASSYOUT REAR VIEW L,2100.0,MARUTI SUZUKI,Outside Mirror,Alto
GLASSWINDSHIELD,4140.0,MARUTI SUZUKI,Front Windshield,Alto
GLASSBACK DOOR WINDOW,1544.0,MARUTI SUZUKI,Rear Windshield,Alto
MOLDING WINDSHIELD,440.0,MARUTI SUZUKI,Windshield Seal,Alto
STRIKER COMPBACK DOOR LATCH,65.0,MARUTI SUZUKI,Door Catch,Alto
STOP COMPSIDE DOOR OPEN,155.0,MARUTI SUZUKI,Door Check Arm,Alto
HANDLE ASSY SIDE DOOR OUT LH (BLACK),254.0,MARUTI SUZUKI,Door Handle,Alto
HINGE FRONT DOOR LOWER LH,165.0,MARUTI SUZUKI,Door Hinge,Alto
LATCH ASSY REAR DOOR L,1032.0,MARUTI SUZUKI,Door Latch,Alto
CYLINDER FR DOOR LATCH LH,255.0,MARUTI SUZUKI,Door Lock Cylinder,Alto
CABLE BACK DOOR OPENER,180.0,MARUTI SUZUKI,Door Lock Link,Alto
WEATHERSTRIPFRONT DOOR OPNG,420.0,MARUTI SUZUKI,Door Seal,Alto
PANEL FRONT FENDER LH,1945.0,MARUTI SUZUKI,Fender,Alto
COVERSPLASHR,135.0,MARUTI SUZUKI,Fender Trim,Alto
UNIT HEADLAMP RH,21415.0,MARUTI SUZUKI,Headlight,Alto
Rear Combination Lamp Right,2887.0,Auto Gold,Rear Lamp,Alto
PANEL ASSYFRONT DOORL,7995.0,MARUTI SUZUKI,Door Outer Panel,Alto
PANEL QUARTER LH,3315.0,MARUTI SUZUKI,Quarter Panel,Alto
GLASS QTR WINDOW RH,1605.0,MARUTI SUZUKI,Side Window,Alto
Side Rear View Mirror Left,3068.0,Royal,Side Mirror,Alto
FRONT BUMPER,1575.0,MARUTI SUZUKI,Front Bumper,Alto 800
REAR BUMPER,2406.0,MARUTI SUZUKI,Rear Bumper,Alto 800
PANELFRONT HOOD,2091.0,MARUTI SUZUKI,Bonnet Lid,Alto 800
LATCH COMPHOOD,202.0,MARUTI SUZUKI,Bonnet Lock,Alto 800
SEALHOOD REAR,135.0,MARUTI SUZUKI,Bonnet Seal,Alto 800
CLIP,8.0,MARUTI SUZUKI,Bonnet Stay Rod Holder,Alto 800
STAY FR HOOD,57.0,MARUTI SUZUKI,Bonnet Strut,Alto 800
BOOT REAR TRUNK,2500.0,MARUTI SUZUKI,Boot,Alto 800
MIRROR ASSYOUT REAR VIEW L,2100.0,MARUTI SUZUKI,Outside Mirror,Alto 800
GLASSWINDSHIELD,4140.0,MARUTI SUZUKI,Front Windshield,Alto 800
GLASSBACK DOOR WINDOW,1544.0,MARUTI SUZUKI,Rear Windshield,Alto 800
MOLDING WINDSHIELD,440.0,MARUTI SUZUKI,Windshield Seal,Alto 800
STRIKER COMPBACK DOOR LATCH,65.0,MARUTI SUZUKI,Door Catch,Alto 800
STOP COMPSIDE DOOR OPEN,155.0,MARUTI SUZUKI,Door Check Arm,Alto 800
HANDLE ASSY SIDE DOOR OUT LH (BLACK),254.0,MARUTI SUZUKI,Door Handle,Alto 800
HINGE FRONT DOOR LOWER LH,165.0,MARUTI SUZUKI,Door Hinge,Alto 800
LATCH ASSY REAR DOOR L,1032.0,MARUTI SUZUKI,Door Latch,Alto 800
CYLINDER FR DOOR LATCH LH,255.0,MARUTI SUZUKI,Door Lock Cylinder,Alto 800
CABLE BACK DOOR OPENER,180.0,MARUTI SUZUKI,Door Lock Link,Alto 800
WEATHERSTRIPFRONT DOOR OPNG,420.0,MARUTI SUZUKI,Door Seal,Alto 800
PANEL FRONT FENDER LH,1945.0,MARUTI SUZUKI,Fender,Alto 800
COVERSPLASHR,135.0,MARUTI SUZUKI,Fender Trim,Alto 800
UNIT HEADLAMP RH,21415.0,MARUTI SUZUKI,Headlight,Alto 800
Rear Combination Lamp Right,2887.0,Auto Gold,Rear Lamp,Alto 800
PANEL ASSYFRONT DOORL,7995.0,MARUTI SUZUKI,Door Outer Panel,Alto 800
PANEL QUARTER LH,3315.0,MARUTI SUZUKI,Quarter Panel,Alto 800
GLASS QTR WINDOW RH,1605.0,MARUTI SUZUKI,Side Window,Alto 800
Side Rear View Mirror Left,3068.0,Royal,Side Mirror,Alto 800
FRONT BUMPER,1575.0,MARUTI SUZUKI,Front Bumper,Alto K10
REAR BUMPER,2406.0,MARUTI SUZUKI,Rear Bumper,Alto K10
PANELFRONT HOOD,2091.0,MARUTI SUZUKI,Bonnet Lid,Alto K10
LATCH COMPHOOD,202.0,MARUTI SUZUKI,Bonnet Lock,Alto K10
SEALHOOD REAR,135.0,MARUTI SUZUKI,Bonnet Seal,Alto K10
CLIP,8.0,MARUTI SUZUKI,Bonnet Stay Rod Holder,Alto K10
STAY FR HOOD,57.0,MARUTI SUZUKI,Bonnet Strut,Alto K10
BOOT REAR TRUNK,2500.0,MARUTI SUZUKI,Boot,Alto K10
MIRROR ASSYOUT REAR VIEW L,2100.0,MARUTI SUZUKI,Outside Mirror,Alto K10
GLASSWINDSHIELD,4140.0,MARUTI SUZUKI,Front Windshield,Alto K10
GLASSBACK DOOR WINDOW,1544.0,MARUTI SUZUKI,Rear Windshield,Alto K10
MOLDING WINDSHIELD,440.0,MARUTI SUZUKI,Windshield Seal,Alto K10
STRIKER COMPBACK DOOR LATCH,65.0,MARUTI SUZUKI,Door Catch,Alto K10
STOP COMPSIDE DOOR OPEN,155.0,MARUTI SUZUKI,Door Check Arm,Alto K10
HANDLE ASSY SIDE DOOR OUT LH (BLACK),254.0,MARUTI SUZUKI,Door Handle,Alto K10
HINGE FRONT DOOR LOWER LH,165.0,MARUTI SUZUKI,Door Hinge,Alto K10
LATCH ASSY REAR DOOR L,1032.0,MARUTI SUZUKI,Door Latch,Alto K10
CYLINDER FR DOOR LATCH LH,255.0,MARUTI SUZUKI,Door Lock Cylinder,Alto K10
CABLE BACK DOOR OPENER,180.0,MARUTI SUZUKI,Door Lock Link,Alto K10
WEATHERSTRIPFRONT DOOR OPNG,420.0,MARUTI SUZUKI,Door Seal,Alto K10
PANEL FRONT FENDER LH,1945.0,MARUTI SUZUKI,Fender,Alto K10
COVERSPLASHR,135.0,MARUTI SUZUKI,Fender Trim,Alto K10
UNIT HEADLAMP RH,21415.0,MARUTI SUZUKI,Headlight,Alto K10
Rear Combination Lamp Right,2887.0,Auto Gold,Rear Lamp,Alto K10
PANEL ASSYFRONT DOORL,7995.0,MARUTI SUZUKI,Door Outer Panel,Alto K10
PANEL QUARTER LH,3315.0,MARUTI SUZUKI,Quarter Panel,Alto K10
GLASS QTR WINDOW RH,1605.0,MARUTI SUZUKI,Side Window,Alto K10
Side Rear View Mirror Left,3068.0,Royal,Side Mirror,Alto K10
FRONT BUMPER,1575.0,MARUTI SUZUKI,Front Bumper,Eeco
REAR BUMPER,2406.0,MARUTI SUZUKI,Rear Bumper,Eeco
PANELFRONT HOOD,2091.0,MARUTI SUZUKI,Bonnet Lid,Eeco
LATCH COMPHOOD,202.0,MARUTI SUZUKI,Bonnet Lock,Eeco
SEALHOOD REAR,135.0,MARUTI SUZUKI,Bonnet Seal,Eeco
CLIP,8.0,MARUTI SUZUKI,Bonnet Stay Rod Holder,Eeco
STAY FR HOOD,57.0,MARUTI SUZUKI,Bonnet Strut,Eeco
BOOT REAR TRUNK,2500.0,MARUTI SUZUKI,Boot,Eeco
MIRROR ASSYOUT REAR VIEW L,2100.0,MARUTI SUZUKI,Outside Mirror,Eeco
GLASSWINDSHIELD,4140.0,MARUTI SUZUKI,Front Windshield,Eeco
GLASSBACK DOOR WINDOW,1544.0,MARUTI SUZUKI,Rear Windshield,Eeco
MOLDING WINDSHIELD,440.0,MARUTI SUZUKI,Windshield Seal,Eeco
STRIKER COMPBACK DOOR LATCH,65.0,MARUTI SUZUKI,Door Catch,Eeco
STOP COMPSIDE DOOR OPEN,155.0,MARUTI SUZUKI,Door Check Arm,Eeco
HANDLE ASSY SIDE DOOR OUT LH (BLACK),254.0,MARUTI SUZUKI,Door Handle,Eeco
HINGE FRONT DOOR LOWER LH,165.0,MARUTI SUZUKI,Door Hinge,Eeco
LATCH ASSY REAR DOOR L,1032.0,MARUTI SUZUKI,Door Latch,Eeco
CYLINDER FR DOOR LATCH LH,255.0,MARUTI SUZUKI,Door Lock Cylinder,Eeco
CABLE BACK DOOR OPENER,180.0,MARUTI SUZUKI,Door Lock Link,Eeco
WEATHERSTRIPFRONT DOOR OPNG,420.0,MARUTI SUZUKI,Door Seal,Eeco
PANEL FRONT FENDER LH,1945.0,MARUTI SUZUKI,Fender,Eeco
COVERSPLASHR,135.0,MARUTI SUZUKI,Fender Trim,Eeco
UNIT HEADLAMP RH,21415.0,MARUTI SUZUKI,Headlight,Eeco
Rear Combination Lamp Right,2887.0,Auto Gold,Rear Lamp,Eeco
PANEL ASSYFRONT DOORL,7995.0,MARUTI SUZUKI,Door Outer Panel,Eeco
PANEL QUARTER LH,3315.0,MARUTI SUZUKI,Quarter Panel,Eeco
GLASS QTR WINDOW RH,1605.0,MARUTI SUZUKI,Side Window,Eeco
Side Rear View Mirror Left,3068.0,Royal,Side Mirror,Eeco
FRONT BUMPER,1575.0,MARUTI SUZUKI,Front Bumper,Ertiga
REAR BUMPER,2406.0,MARUTI SUZUKI,Rear Bumper,Ertiga
PANELFRONT HOOD,2091.0,MARUTI SUZUKI,Bonnet Lid,Ertiga
LATCH COMPHOOD,202.0,MARUTI SUZUKI,Bonnet Lock,Ertiga
SEALHOOD REAR,135.0,MARUTI SUZUKI,Bonnet Seal,Ertiga
CLIP,8.0,MARUTI SUZUKI,Bonnet Stay Rod Holder,Ertiga
STAY FR HOOD,57.0,MARUTI SUZUKI,Bonnet Strut,Ertiga
BOOT REAR TRUNK,2500.0,MARUTI SUZUKI,Boot,Ertiga
MIRROR ASSYOUT REAR VIEW L,2100.0,MARUTI SUZUKI,Outside Mirror,Ertiga
GLASSWINDSHIELD,4140.0,MARUTI SUZUKI,Front Windshield,Ertiga
GLASSBACK DOOR WINDOW,1544.0,MARUTI SUZUKI,Rear Windshield,Ertiga
MOLDING WINDSHIELD,440.0,MARUTI SUZUKI,Windshield Seal,Ertiga
STRIKER COMPBACK DOOR LATCH,65.0,MARUTI SUZUKI,Door Catch,Ertiga
STOP COMPSIDE DOOR OPEN,155.0,MARUTI SUZUKI,Door Check Arm,Ertiga
HANDLE ASSY SIDE DOOR OUT LH (BLACK),254.0,MARUTI SUZUKI,Door Handle,Ertiga
HINGE FRONT DOOR LOWER LH,165.0,MARUTI SUZUKI,Door Hinge,Ertiga
LATCH ASSY REAR DOOR L,1032.0,MARUTI SUZUKI,Door Latch,Ertiga
CYLINDER FR DOOR LATCH LH,255.0,MARUTI SUZUKI,Door Lock Cylinder,Ertiga
CABLE BACK DOOR OPENER,180.0,MARUTI SUZUKI,Door Lock Link,Ertiga
WEATHERSTRIPFRONT DOOR OPNG,420.0,MARUTI SUZUKI,Door Seal,Ertiga
PANEL FRONT FENDER LH,1945.0,MARUTI SUZUKI,Fender,Ertiga
COVERSPLASHR,135.0,MARUTI SUZUKI,Fender Trim,Ertiga
UNIT HEADLAMP RH,21415.0,MARUTI SUZUKI,Headlight,Ertiga
Rear Combination Lamp Right,2887.0,Auto Gold,Rear Lamp,Ertiga
PANEL ASSYFRONT DOORL,7995.0,MARUTI SUZUKI,Door Outer Panel,Ertiga
PANEL QUARTER LH,3315.0,MARUTI SUZUKI,Quarter Panel,Ertiga
GLASS QTR WINDOW RH,1605.0,MARUTI SUZUKI,Side Window,Ertiga
Side Rear View Mirror Left,3068.0,Royal,Side Mirror,Ertiga
FRONT BUMPER,1575.0,MARUTI SUZUKI,Front Bumper,Omni
REAR BUMPER,2406.0,MARUTI SUZUKI,Rear Bumper,Omni
PANELFRONT HOOD,2091.0,MARUTI SUZUKI,Bonnet Lid,Omni
LATCH COMPHOOD,202.0,MARUTI SUZUKI,Bonnet Lock,Omni
SEALHOOD REAR,135.0,MARUTI SUZUKI,Bonnet Seal,Omni
CLIP,8.0,MARUTI SUZUKI,Bonnet Stay Rod Holder,Omni
STAY FR HOOD,57.0,MARUTI SUZUKI,Bonnet Strut,Omni
BOOT REAR TRUNK,2500.0,MARUTI SUZUKI,Boot,Omni
MIRROR ASSYOUT REAR VIEW L,2100.0,MARUTI SUZUKI,Outside Mirror,Omni
GLASSWINDSHIELD,4140.0,MARUTI SUZUKI,Front Windshield,Omni
GLASSBACK DOOR WINDOW,1544.0,MARUTI SUZUKI,Rear Windshield,Omni
MOLDING WINDSHIELD,440.0,MARUTI SUZUKI,Windshield Seal,Omni
STRIKER COMPBACK DOOR LATCH,65.0,MARUTI SUZUKI,Door Catch,Omni
STOP COMPSIDE DOOR OPEN,155.0,MARUTI SUZUKI,Door Check Arm,Omni
HANDLE ASSY SIDE DOOR OUT LH (BLACK),254.0,MARUTI SUZUKI,Door Handle,Omni
HINGE FRONT DOOR LOWER LH,165.0,MARUTI SUZUKI,Door Hinge,Omni
LATCH ASSY REAR DOOR L,1032.0,MARUTI SUZUKI,Door Latch,Omni
CYLINDER FR DOOR LATCH LH,255.0,MARUTI SUZUKI,Door Lock Cylinder,Omni
CABLE BACK DOOR OPENER,180.0,MARUTI SUZUKI,Door Lock Link,Omni
WEATHERSTRIPFRONT DOOR OPNG,420.0,MARUTI SUZUKI,Door Seal,Omni
PANEL FRONT FENDER LH,1945.0,MARUTI SUZUKI,Fender,Omni
COVERSPLASHR,135.0,MARUTI SUZUKI,Fender Trim,Omni
UNIT HEADLAMP RH,21415.0,MARUTI SUZUKI,Headlight,Omni
Rear Combination Lamp Right,2887.0,Auto Gold,Rear Lamp,Omni
PANEL ASSYFRONT DOORL,7995.0,MARUTI SUZUKI,Door Outer Panel,Omni
PANEL QUARTER LH,3315.0,MARUTI SUZUKI,Quarter Panel,Omni
GLASS QTR WINDOW RH,1605.0,MARUTI SUZUKI,Side Window,Omni
Side Rear View Mirror Left,3068.0,Royal,Side Mirror,Omni
FRONT BUMPER,1575.0,MARUTI SUZUKI,Front Bumper,Versa
REAR BUMPER,2406.0,MARUTI SUZUKI,Rear Bumper,Versa
PANELFRONT HOOD,2091.0,MARUTI SUZUKI,Bonnet Lid,Versa
LATCH COMPHOOD,202.0,MARUTI SUZUKI,Bonnet Lock,Versa
SEALHOOD REAR,135.0,MARUTI SUZUKI,Bonnet Seal,Versa
CLIP,8.0,MARUTI SUZUKI,Bonnet Stay Rod Holder,Versa
STAY FR HOOD,57.0,MARUTI SUZUKI,Bonnet Strut,Versa
BOOT REAR TRUNK,2500.0,MARUTI SUZUKI,Boot,Versa
MIRROR ASSYOUT REAR VIEW L,2100.0,MARUTI SUZUKI,Outside Mirror,Versa
GLASSWINDSHIELD,4140.0,MARUTI SUZUKI,Front Windshield,Versa
GLASSBACK DOOR WINDOW,1544.0,MARUTI SUZUKI,Rear Windshield,Versa
MOLDING WINDSHIELD,440.0,MARUTI SUZUKI,Windshield Seal,Versa
STRIKER COMPBACK DOOR LATCH,65.0,MARUTI SUZUKI,Door Catch,Versa
STOP COMPSIDE DOOR OPEN,155.0,MARUTI SUZUKI,Door Check Arm,Versa
HANDLE ASSY SIDE DOOR OUT LH (BLACK),254.0,MARUTI SUZUKI,Door Handle,Versa
HINGE FRONT DOOR LOWER LH,165.0,MARUTI SUZUKI,Door Hinge,Versa
LATCH ASSY REAR DOOR L,1032.0,MARUTI SUZUKI,Door Latch,Versa
CYLINDER FR DOOR LATCH LH,255.0,MARUTI SUZUKI,Door Lock Cylinder,Versa
CABLE BACK DOOR OPENER,180.0,MARUTI SUZUKI,Door Lock Link,Versa
WEATHERSTRIPFRONT DOOR OPNG,420.0,MARUTI SUZUKI,Door Seal,Versa
PANEL FRONT FENDER LH,1945.0,MARUTI SUZUKI,Fender,Versa
COVERSPLASHR,135.0,MARUTI SUZUKI,Fender Trim,Versa
UNIT HEADLAMP RH,21415.0,MARUTI SUZUKI,Headlight,Versa
Rear Combination Lamp Right,2887.0,Auto Gold,Rear Lamp,Versa
PANEL ASSYFRONT DOORL,7995.0,MARUTI SUZUKI,Door Outer Panel,Versa
PANEL QUARTER LH,3315.0,MARUTI SUZUKI,Quarter Panel,Versa
GLASS QTR WINDOW RH,1605.0,MARUTI SUZUKI,Side Window,Versa
Side Rear View Mirror Left,3068.0,Royal,Side Mirror,Versa
FRONT BUMPER,1575.0,MARUTI SUZUKI,Front Bumper,Ciaz
REAR BUMPER,2406.0,MARUTI SUZUKI,Rear Bumper,Ciaz
PANELFRONT HOOD,2091.0,MARUTI SUZUKI,Bonnet Lid,Ciaz
LATCH COMPHOOD,202.0,MARUTI SUZUKI,Bonnet Lock,Ciaz
SEALHOOD REAR,135.0,MARUTI SUZUKI,Bonnet Seal,Ciaz
CLIP,8.0,MARUTI SUZUKI,Bonnet Stay Rod Holder,Ciaz
STAY FR HOOD,57.0,MARUTI SUZUKI,Bonnet Strut,Ciaz
BOOT REAR TRUNK,2500.0,MARUTI SUZUKI,Boot,Ciaz
MIRROR ASSYOUT REAR VIEW L,2100.0,MARUTI SUZUKI,Outside Mirror,Ciaz
GLASSWINDSHIELD,4140.0,MARUTI SUZUKI,Front Windshield,Ciaz
GLASSBACK DOOR WINDOW,1544.0,MARUTI SUZUKI,Rear Windshield,Ciaz
MOLDING WINDSHIELD,440.0,MARUTI SUZUKI,Windshield Seal,Ciaz
STRIKER COMPBACK DOOR LATCH,65.0,MARUTI SUZUKI,Door Catch,Ciaz
STOP COMPSIDE DOOR OPEN,155.0,MARUTI SUZUKI,Door Check Arm,Ciaz
HANDLE ASSY SIDE DOOR OUT LH (BLACK),254.0,MARUTI SUZUKI,Door Handle,Ciaz
HINGE FRONT DOOR LOWER LH,165.0,MARUTI SUZUKI,Door Hinge,Ciaz
LATCH ASSY REAR DOOR L,1032.0,MARUTI SUZUKI,Door Latch,Ciaz
CYLINDER FR DOOR LATCH LH,255.0,MARUTI SUZUKI,Door Lock Cylinder,Ciaz
CABLE BACK DOOR OPENER,180.0,MARUTI SUZUKI,Door Lock Link,Ciaz
WEATHERSTRIPFRONT DOOR OPNG,420.0,MARUTI SUZUKI,Door Seal,Ciaz
PANEL FRONT FENDER LH,1945.0,MARUTI SUZUKI,Fender,Ciaz
COVERSPLASHR,135.0,MARUTI SUZUKI,Fender Trim,Ciaz
UNIT HEADLAMP RH,21415.0,MARUTI SUZUKI,Headlight,Ciaz
Rear Combination Lamp Right,2887.0,Auto Gold,Rear Lamp,Ciaz
PANEL ASSYFRONT DOORL,7995.0,MARUTI SUZUKI,Door Outer Panel,Ciaz
PANEL QUARTER LH,3315.0,MARUTI SUZUKI,Quarter Panel,Ciaz
GLASS QTR WINDOW RH,1605.0,MARUTI SUZUKI,Side Window,Ciaz
Side Rear View Mirror Left,3068.0,Royal,Side Mirror,Ciaz
FRONT BUMPER,1575.0,MARUTI SUZUKI,Front Bumper,Esteem
REAR BUMPER,2406.0,MARUTI SUZUKI,Rear Bumper,Esteem
PANELFRONT HOOD,2091.0,MARUTI SUZUKI,Bonnet Lid,Esteem
LATCH COMPHOOD,202.0,MARUTI SUZUKI,Bonnet Lock,Esteem
SEALHOOD REAR,135.0,MARUTI SUZUKI,Bonnet Seal,Esteem
CLIP,8.0,MARUTI SUZUKI,Bonnet Stay Rod Holder,Esteem
STAY FR HOOD,57.0,MARUTI SUZUKI,Bonnet Strut,Esteem
BOOT REAR TRUNK,2500.0,MARUTI SUZUKI,Boot,Esteem
MIRROR ASSYOUT REAR VIEW L,2100.0,MARUTI SUZUKI,Outside Mirror,Esteem
GLASSWINDSHIELD,4140.0,MARUTI SUZUKI,Front Windshield,Esteem
GLASSBACK DOOR WINDOW,1544.0,MARUTI SUZUKI,Rear Windshield,Esteem
MOLDING WINDSHIELD,440.0,MARUTI SUZUKI,Windshield Seal,Esteem
STRIKER COMPBACK DOOR LATCH,65.0,MARUTI SUZUKI,Door Catch,Esteem
STOP COMPSIDE DOOR OPEN,155.0,MARUTI SUZUKI,Door Check Arm,Esteem
HANDLE ASSY SIDE DOOR OUT LH (BLACK),254.0,MARUTI SUZUKI,Door Handle,Esteem
HINGE FRONT DOOR LOWER LH,165.0,MARUTI SUZUKI,Door Hinge,Esteem
LATCH ASSY REAR DOOR L,1032.0,MARUTI SUZUKI,Door Latch,Esteem
CYLINDER FR DOOR LATCH LH,255.0,MARUTI SUZUKI,Door Lock Cylinder,Esteem
CABLE BACK DOOR OPENER,180.0,MARUTI SUZUKI,Door Lock Link,Esteem
WEATHERSTRIPFRONT DOOR OPNG,420.0,MARUTI SUZUKI,Door Seal,Esteem
PANEL FRONT FENDER LH,1945.0,MARUTI SUZUKI,Fender,Esteem
COVERSPLASHR,135.0,MARUTI SUZUKI,Fender Trim,Esteem
UNIT HEADLAMP RH,21415.0,MARUTI SUZUKI,Headlight,Esteem
Rear Combination Lamp Right,2887.0,Auto Gold,Rear Lamp,Esteem
PANEL ASSYFRONT DOORL,7995.0,MARUTI SUZUKI,Door Outer Panel,Esteem
PANEL QUARTER LH,3315.0,MARUTI SUZUKI,Quarter Panel,Esteem
GLASS QTR WINDOW RH,1605.0,MARUTI SUZUKI,Side Window,Esteem
Side Rear View Mirror Left,3068.0,Royal,Side Mirror,Esteem
FRONT BUMPER,1575.0,MARUTI SUZUKI,Front Bumper,Fronx
REAR BUMPER,2406.0,MARUTI SUZUKI,Rear Bumper,Fronx
PANELFRONT HOOD,2091.0,MARUTI SUZUKI,Bonnet Lid,Fronx
LATCH COMPHOOD,202.0,MARUTI SUZUKI,Bonnet Lock,Fronx
SEALHOOD REAR,135.0,MARUTI SUZUKI,Bonnet Seal,Fronx
CLIP,8.0,MARUTI SUZUKI,Bonnet Stay Rod Holder,Fronx
STAY FR HOOD,57.0,MARUTI SUZUKI,Bonnet Strut,Fronx
BOOT REAR TRUNK,2500.0,MARUTI SUZUKI,Boot,Fronx
MIRROR ASSYOUT REAR VIEW L,2100.0,MARUTI SUZUKI,Outside Mirror,Fronx
GLASSWINDSHIELD,4140.0,MARUTI SUZUKI,Front Windshield,Fronx
GLASSBACK DOOR WINDOW,1544.0,MARUTI SUZUKI,Rear Windshield,Fronx
MOLDING WINDSHIELD,440.0,MARUTI SUZUKI,Windshield Seal,Fronx
STRIKER COMPBACK DOOR LATCH,65.0,MARUTI SUZUKI,Door Catch,Fronx
STOP COMPSIDE DOOR OPEN,155.0,MARUTI SUZUKI,Door Check Arm,Fronx
HANDLE ASSY SIDE DOOR OUT LH (BLACK),254.0,MARUTI SUZUKI,Door Handle,Fronx
HINGE FRONT DOOR LOWER LH,165.0,MARUTI SUZUKI,Door Hinge,Fronx
LATCH ASSY REAR DOOR L,1032.0,MARUTI SUZUKI,Door Latch,Fronx
CYLINDER FR DOOR LATCH LH,255.0,MARUTI SUZUKI,Door Lock Cylinder,Fronx
CABLE BACK DOOR OPENER,180.0,MARUTI SUZUKI,Door Lock Link,Fronx
WEATHERSTRIPFRONT DOOR OPNG,420.0,MARUTI SUZUKI,Door Seal,Fronx
PANEL FRONT FENDER LH,1945.0,MARUTI SUZUKI,Fender,Fronx
COVERSPLASHR,135.0,MARUTI SUZUKI,Fender Trim,Fronx
UNIT HEADLAMP RH,21415.0,MARUTI SUZUKI,Headlight,Fronx
Rear Combination Lamp Right,2887.0,Auto Gold,Rear Lamp,Fronx
PANEL ASSYFRONT DOORL,7995.0,MARUTI SUZUKI,Door Outer Panel,Fronx
PANEL QUARTER LH,3315.0,MARUTI SUZUKI,Quarter Panel,Fronx
GLASS QTR WINDOW RH,1605.0,MARUTI SUZUKI,Side Window,Fronx
Side Rear View Mirror Left,3068.0,Royal,Side Mirror,Fronx
FRONT BUMPER,1575.0,MARUTI SUZUKI,Front Bumper,Grand Vitara
REAR BUMPER,2406.0,MARUTI SUZUKI,Rear Bumper,Grand Vitara
PANELFRONT HOOD,2091.0,MARUTI SUZUKI,Bonnet Lid,Grand Vitara
LATCH COMPHOOD,202.0,MARUTI SUZUKI,Bonnet Lock,Grand Vitara
SEALHOOD REAR,135.0,MARUTI SUZUKI,Bonnet Seal,Grand Vitara
CLIP,8.0,MARUTI SUZUKI,Bonnet Stay Rod Holder,Grand Vitara
STAY FR HOOD,57.0,MARUTI SUZUKI,Bonnet Strut,Grand Vitara
BOOT REAR TRUNK,2500.0,MARUTI SUZUKI,Boot,Grand Vitara
MIRROR ASSYOUT REAR VIEW L,2100.0,MARUTI SUZUKI,Outside Mirror,Grand Vitara
GLASSWINDSHIELD,4140.0,MARUTI SUZUKI,Front Windshield,Grand Vitara
GLASSBACK DOOR WINDOW,1544.0,MARUTI SUZUKI,Rear Windshield,Grand Vitara
MOLDING WINDSHIELD,440.0,MARUTI SUZUKI,Windshield Seal,Grand Vitara
STRIKER COMPBACK DOOR LATCH,65.0,MARUTI SUZUKI,Door Catch,Grand Vitara
STOP COMPSIDE DOOR OPEN,155.0,MARUTI SUZUKI,Door Check Arm,Grand Vitara
HANDLE ASSY SIDE DOOR OUT LH (BLACK),254.0,MARUTI SUZUKI,Door Handle,Grand Vitara
HINGE FRONT DOOR LOWER LH,165.0,MARUTI SUZUKI,Door Hinge,Grand Vitara
LATCH ASSY REAR DOOR L,1032.0,MARUTI SUZUKI,Door Latch,Grand Vitara
CYLINDER FR DOOR LATCH LH,255.0,MARUTI SUZUKI,Door Lock Cylinder,Grand Vitara
CABLE BACK DOOR OPENER,180.0,MARUTI SUZUKI,Door Lock Link,Grand Vitara
WEATHERSTRIPFRONT DOOR OPNG,420.0,MARUTI SUZUKI,Door Seal,Grand Vitara
PANEL FRONT FENDER LH,1945.0,MARUTI SUZUKI,Fender,Grand Vitara
COVERSPLASHR,135.0,MARUTI SUZUKI,Fender Trim,Grand Vitara
UNIT HEADLAMP RH,21415.0,MARUTI SUZUKI,Headlight,Grand Vitara
Rear Combination Lamp Right,2887.0,Auto Gold,Rear Lamp,Grand Vitara
PANEL ASSYFRONT DOORL,7995.0,MARUTI SUZUKI,Door Outer Panel,Grand Vitara
PANEL QUARTER LH,3315.0,MARUTI SUZUKI,Quarter Panel,Grand Vitara
GLASS QTR WINDOW RH,1605.0,MARUTI SUZUKI,Side Window,Grand Vitara
Side Rear View Mirror Left,3068.0,Royal,Side Mirror,Grand Vitara
FRONT BUMPER,1575.0,MARUTI SUZUKI,Front Bumper,Grand Vitara XL7
REAR BUMPER,2406.0,MARUTI SUZUKI,Rear Bumper,Grand Vitara XL7
PANELFRONT HOOD,2091.0,MARUTI SUZUKI,Bonnet Lid,Grand Vitara XL7
LATCH COMPHOOD,202.0,MARUTI SUZUKI,Bonnet Lock,Grand Vitara XL7
SEALHOOD REAR,135.0,MARUTI SUZUKI,Bonnet Seal,Grand Vitara XL7
CLIP,8.0,MARUTI SUZUKI,Bonnet Stay Rod Holder,Grand Vitara XL7
STAY FR HOOD,57.0,MARUTI SUZUKI,Bonnet Strut,Grand Vitara XL7
BOOT REAR TRUNK,2500.0,MARUTI SUZUKI,Boot,Grand Vitara XL7
MIRROR ASSYOUT REAR VIEW L,2100.0,MARUTI SUZUKI,Outside Mirror,Grand Vitara XL7
GLASSWINDSHIELD,4140.0,MARUTI SUZUKI,Front Windshield,Grand Vitara XL7
GLASSBACK DOOR WINDOW,1544.0,MARUTI SUZUKI,Rear Windshield,Grand Vitara XL7
MOLDING WINDSHIELD,440.0,MARUTI SUZUKI,Windshield Seal,Grand Vitara XL7
STRIKER COMPBACK DOOR LATCH,65.0,MARUTI SUZUKI,Door Catch,Grand Vitara XL7
STOP COMPSIDE DOOR OPEN,155.0,MARUTI SUZUKI,Door Check Arm,Grand Vitara XL7
HANDLE ASSY SIDE DOOR OUT LH (BLACK),254.0,MARUTI SUZUKI,Door Handle,Grand Vitara XL7
HINGE FRONT DOOR LOWER LH,165.0,MARUTI SUZUKI,Door Hinge,Grand Vitara XL7
LATCH ASSY REAR DOOR L,1032.0,MARUTI SUZUKI,Door Latch,Grand Vitara XL7
CYLINDER FR DOOR LATCH LH,255.0,MARUTI SUZUKI,Door Lock Cylinder,Grand Vitara XL7
CABLE BACK DOOR OPENER,180.0,MARUTI SUZUKI,Door Lock Link,Grand Vitara XL7
WEATHERSTRIPFRONT DOOR OPNG,420.0,MARUTI SUZUKI,Door Seal,Grand Vitara XL7
PANEL FRONT FENDER LH,1945.0,MARUTI SUZUKI,Fender,Grand Vitara XL7
COVERSPLASHR,135.0,MARUTI SUZUKI,Fender Trim,Grand Vitara XL7
UNIT HEADLAMP RH,21415.0,MARUTI SUZUKI,Headlight,Grand Vitara XL7
Rear Combination Lamp Right,2887.0,Auto Gold,Rear Lamp,Grand Vitara XL7
PANEL ASSYFRONT DOORL,7995.0,MARUTI SUZUKI,Door Outer Panel,Grand Vitara XL7
PANEL QUARTER LH,3315.0,MARUTI SUZUKI,Quarter Panel,Grand Vitara XL7
GLASS QTR WINDOW RH,1605.0,MARUTI SUZUKI,Side Window,Grand Vitara XL7
Side Rear View Mirror Left,3068.0,Royal,Side Mirror,Grand Vitara XL7
FRONT BUMPER,1575.0,MARUTI SUZUKI,Front Bumper,Gypsy
REAR BUMPER,2406.0,MARUTI SUZUKI,Rear Bumper,Gypsy
PANELFRONT HOOD,2091.0,MARUTI SUZUKI,Bonnet Lid,Gypsy
LATCH COMPHOOD,202.0,MARUTI SUZUKI,Bonnet Lock,Gypsy
SEALHOOD REAR,135.0,MARUTI SUZUKI,Bonnet Seal,Gypsy
CLIP,8.0,MARUTI SUZUKI,Bonnet Stay Rod Holder,Gypsy
STAY FR HOOD,57.0,MARUTI SUZUKI,Bonnet Strut,Gypsy
BOOT REAR TRUNK,2500.0,MARUTI SUZUKI,Boot,Gypsy
MIRROR ASSYOUT REAR VIEW L,2100.0,MARUTI SUZUKI,Outside Mirror,Gypsy
GLASSWINDSHIELD,4140.0,MARUTI SUZUKI,Front Windshield,Gypsy
GLASSBACK DOOR WINDOW,1544.0,MARUTI SUZUKI,Rear Windshield,Gypsy
MOLDING WINDSHIELD,440.0,MARUTI SUZUKI,Windshield Seal,Gypsy
STRIKER COMPBACK DOOR LATCH,65.0,MARUTI SUZUKI,Door Catch,Gypsy
STOP COMPSIDE DOOR OPEN,155.0,MARUTI SUZUKI,Door Check Arm,Gypsy
HANDLE ASSY SIDE DOOR OUT LH (BLACK),254.0,MARUTI SUZUKI,Door Handle,Gypsy
HINGE FRONT DOOR LOWER LH,165.0,MARUTI SUZUKI,Door Hinge,Gypsy
LATCH ASSY REAR DOOR L,1032.0,MARUTI SUZUKI,Door Latch,Gypsy
CYLINDER FR DOOR LATCH LH,255.0,MARUTI SUZUKI,Door Lock Cylinder,Gypsy
CABLE BACK DOOR OPENER,180.0,MARUTI SUZUKI,Door Lock Link,Gypsy
WEATHERSTRIPFRONT DOOR OPNG,420.0,MARUTI SUZUKI,Door Seal,Gypsy
PANEL FRONT FENDER LH,1945.0,MARUTI SUZUKI,Fender,Gypsy
COVERSPLASHR,135.0,MARUTI SUZUKI,Fender Trim,Gypsy
UNIT HEADLAMP RH,21415.0,MARUTI SUZUKI,Headlight,Gypsy
Rear Combination Lamp Right,2887.0,Auto Gold,Rear Lamp,Gypsy
PANEL ASSYFRONT DOORL,7995.0,MARUTI SUZUKI,Door Outer Panel,Gypsy
PANEL QUARTER LH,3315.0,MARUTI SUZUKI,Quarter Panel,Gypsy
GLASS QTR WINDOW RH,1605.0,MARUTI SUZUKI,Side Window,Gypsy
Side Rear View Mirror Left,3068.0,Royal,Side Mirror,Gypsy
FRONT BUMPER,1575.0,MARUTI SUZUKI,Front Bumper,Ignis
REAR BUMPER,2406.0,MARUTI SUZUKI,Rear Bumper,Ignis
PANELFRONT HOOD,2091.0,MARUTI SUZUKI,Bonnet Lid,Ignis
LATCH COMPHOOD,202.0,MARUTI SUZUKI,Bonnet Lock,Ignis
SEALHOOD REAR,135.0,MARUTI SUZUKI,Bonnet Seal,Ignis
CLIP,8.0,MARUTI SUZUKI,Bonnet Stay Rod Holder,Ignis
STAY FR HOOD,57.0,MARUTI SUZUKI,Bonnet Strut,Ignis
BOOT REAR TRUNK,2500.0,MARUTI SUZUKI,Boot,Ignis
MIRROR ASSYOUT REAR VIEW L,2100.0,MARUTI SUZUKI,Outside Mirror,Ignis
GLASSWINDSHIELD,4140.0,MARUTI SUZUKI,Front Windshield,Ignis
GLASSBACK DOOR WINDOW,1544.0,MARUTI SUZUKI,Rear Windshield,Ignis
MOLDING WINDSHIELD,440.0,MARUTI SUZUKI,Windshield Seal,Ignis
STRIKER COMPBACK DOOR LATCH,65.0,MARUTI SUZUKI,Door Catch,Ignis
STOP COMPSIDE DOOR OPEN,155.0,MARUTI SUZUKI,Door Check Arm,Ignis
HANDLE ASSY SIDE DOOR OUT LH (BLACK),254.0,MARUTI SUZUKI,Door Handle,Ignis
HINGE FRONT DOOR LOWER LH,165.0,MARUTI SUZUKI,Door Hinge,Ignis
LATCH ASSY REAR DOOR L,1032.0,MARUTI SUZUKI,Door Latch,Ignis
CYLINDER FR DOOR LATCH LH,255.0,MARUTI SUZUKI,Door Lock Cylinder,Ignis
CABLE BACK DOOR OPENER,180.0,MARUTI SUZUKI,Door Lock Link,Ignis
WEATHERSTRIPFRONT DOOR OPNG,420.0,MARUTI SUZUKI,Door Seal,Ignis
PANEL FRONT FENDER LH,1945.0,MARUTI SUZUKI,Fender,Ignis
COVERSPLASHR,135.0,MARUTI SUZUKI,Fender Trim,Ignis
UNIT HEADLAMP RH,21415.0,MARUTI SUZUKI,Headlight,Ignis
Rear Combination Lamp Right,2887.0,Auto Gold,Rear Lamp,Ignis
PANEL ASSYFRONT DOORL,7995.0,MARUTI SUZUKI,Door Outer Panel,Ignis
PANEL QUARTER LH,3315.0,MARUTI SUZUKI,Quarter Panel,Ignis
GLASS QTR WINDOW RH,1605.0,MARUTI SUZUKI,Side Window,Ignis
Side Rear View Mirror Left,3068.0,Royal,Side Mirror,Ignis
FRONT BUMPER,1575.0,MARUTI SUZUKI,Front Bumper,SX4
REAR BUMPER,2406.0,MARUTI SUZUKI,Rear Bumper,SX4
PANELFRONT HOOD,2091.0,MARUTI SUZUKI,Bonnet Lid,SX4
LATCH COMPHOOD,202.0,MARUTI SUZUKI,Bonnet Lock,SX4
SEALHOOD REAR,135.0,MARUTI SUZUKI,Bonnet Seal,SX4
CLIP,8.0,MARUTI SUZUKI,Bonnet Stay Rod Holder,SX4
STAY FR HOOD,57.0,MARUTI SUZUKI,Bonnet Strut,SX4
BOOT REAR TRUNK,2500.0,MARUTI SUZUKI,Boot,SX4
MIRROR ASSYOUT REAR VIEW L,2100.0,MARUTI SUZUKI,Outside Mirror,SX4
GLASSWINDSHIELD,4140.0,MARUTI SUZUKI,Front Windshield,SX4
GLASSBACK DOOR WINDOW,1544.0,MARUTI SUZUKI,Rear Windshield,SX4
MOLDING WINDSHIELD,440.0,MARUTI SUZUKI,Windshield Seal,SX4
STRIKER COMPBACK DOOR LATCH,65.0,MARUTI SUZUKI,Door Catch,SX4
STOP COMPSIDE DOOR OPEN,155.0,MARUTI SUZUKI,Door Check Arm,SX4
HANDLE ASSY SIDE DOOR OUT LH (BLACK),254.0,MARUTI SUZUKI,Door Handle,SX4
HINGE FRONT DOOR LOWER LH,165.0,MARUTI SUZUKI,Door Hinge,SX4
LATCH ASSY REAR DOOR L,1032.0,MARUTI SUZUKI,Door Latch,SX4
CYLINDER FR DOOR LATCH LH,255.0,MARUTI SUZUKI,Door Lock Cylinder,SX4
CABLE BACK DOOR OPENER,180.0,MARUTI SUZUKI,Door Lock Link,SX4
WEATHERSTRIPFRONT DOOR OPNG,420.0,MARUTI SUZUKI,Door Seal,SX4
PANEL FRONT FENDER LH,1945.0,MARUTI SUZUKI,Fender,SX4
COVERSPLASHR,135.0,MARUTI SUZUKI,Fender Trim,SX4
UNIT HEADLAMP RH,21415.0,MARUTI SUZUKI,Headlight,SX4
Rear Combination Lamp Right,2887.0,Auto Gold,Rear Lamp,SX4
PANEL ASSYFRONT DOORL,7995.0,MARUTI SUZUKI,Door Outer Panel,SX4
PANEL QUARTER LH,3315.0,MARUTI SUZUKI,Quarter Panel,SX4
GLASS QTR WINDOW RH,1605.0,MARUTI SUZUKI,Side Window,SX4
Side Rear View Mirror Left,3068.0,Royal,Side Mirror,SX4
FRONT BUMPER,1575.0,MARUTI SUZUKI,Front Bumper,Wagon R
REAR BUMPER,2406.0,MARUTI SUZUKI,Rear Bumper,Wagon R
PANELFRONT HOOD,2091.0,MARUTI SUZUKI,Bonnet Lid,Wagon R
LATCH COMPHOOD,202.0,MARUTI SUZUKI,Bonnet Lock,Wagon R
SEALHOOD REAR,135.0,MARUTI SUZUKI,Bonnet Seal,Wagon R
CLIP,8.0,MARUTI SUZUKI,Bonnet Stay Rod Holder,Wagon R
STAY FR HOOD,57.0,MARUTI SUZUKI,Bonnet Strut,Wagon R
BOOT REAR TRUNK,2500.0,MARUTI SUZUKI,Boot,Wagon R
MIRROR ASSYOUT REAR VIEW L,2100.0,MARUTI SUZUKI,Outside Mirror,Wagon R
GLASSWINDSHIELD,4140.0,MARUTI SUZUKI,Front Windshield,Wagon R
GLASSBACK DOOR WINDOW,1544.0,MARUTI SUZUKI,Rear Windshield,Wagon R
MOLDING WINDSHIELD,440.0,MARUTI SUZUKI,Windshield Seal,Wagon R
STRIKER COMPBACK DOOR LATCH,65.0,MARUTI SUZUKI,Door Catch,Wagon R
STOP COMPSIDE DOOR OPEN,155.0,MARUTI SUZUKI,Door Check Arm,Wagon R
HANDLE ASSY SIDE DOOR OUT LH (BLACK),254.0,MARUTI SUZUKI,Door Handle,Wagon R
HINGE FRONT DOOR LOWER LH,165.0,MARUTI SUZUKI,Door Hinge,Wagon R
LATCH ASSY REAR DOOR L,1032.0,MARUTI SUZUKI,Door Latch,Wagon R
CYLINDER FR DOOR LATCH LH,255.0,MARUTI SUZUKI,Door Lock Cylinder,Wagon R
CABLE BACK DOOR OPENER,180.0,MARUTI SUZUKI,Door Lock Link,Wagon R
WEATHERSTRIPFRONT DOOR OPNG,420.0,MARUTI SUZUKI,Door Seal,Wagon R
PANEL FRONT FENDER LH,1945.0,MARUTI SUZUKI,Fender,Wagon R
COVERSPLASHR,135.0,MARUTI SUZUKI,Fender Trim,Wagon R
UNIT HEADLAMP RH,21415.0,MARUTI SUZUKI,Headlight,Wagon R
Rear Combination Lamp Right,2887.0,Auto Gold,Rear Lamp,Wagon R
PANEL ASSYFRONT DOORL,7995.0,MARUTI SUZUKI,Door Outer Panel,Wagon R
PANEL QUARTER LH,3315.0,MARUTI SUZUKI,Quarter Panel,Wagon R
GLASS QTR WINDOW RH,1605.0,MARUTI SUZUKI,Side Window,Wagon R
Side Rear View Mirror Left,3068.0,Royal,Side Mirror,Wagon R
FRONT BUMPER,1575.0,MARUTI SUZUKI,Front Bumper,Invicto
REAR BUMPER,2406.0,MARUTI SUZUKI,Rear Bumper,Invicto
PANELFRONT HOOD,2091.0,MARUTI SUZUKI,Bonnet Lid,Invicto
LATCH COMPHOOD,202.0,MARUTI SUZUKI,Bonnet Lock,Invicto
SEALHOOD REAR,135.0,MARUTI SUZUKI,Bonnet Seal,Invicto
CLIP,8.0,MARUTI SUZUKI,Bonnet Stay Rod Holder,Invicto
STAY FR HOOD,57.0,MARUTI SUZUKI,Bonnet Strut,Invicto
BOOT REAR TRUNK,2500.0,MARUTI SUZUKI,Boot,Invicto
MIRROR ASSYOUT REAR VIEW L,2100.0,MARUTI SUZUKI,Outside Mirror,Invicto
GLASSWINDSHIELD,4140.0,MARUTI SUZUKI,Front Windshield,Invicto
GLASSBACK DOOR WINDOW,1544.0,MARUTI SUZUKI,Rear Windshield,Invicto
MOLDING WINDSHIELD,440.0,MARUTI SUZUKI,Windshield Seal,Invicto
STRIKER COMPBACK DOOR LATCH,65.0,MARUTI SUZUKI,Door Catch,Invicto
STOP COMPSIDE DOOR OPEN,155.0,MARUTI SUZUKI,Door Check Arm,Invicto
HANDLE ASSY SIDE DOOR OUT LH (BLACK),254.0,MARUTI SUZUKI,Door Handle,Invicto
HINGE FRONT DOOR LOWER LH,165.0,MARUTI SUZUKI,Door Hinge,Invicto
LATCH ASSY REAR DOOR L,1032.0,MARUTI SUZUKI,Door Latch,Invicto
CYLINDER FR DOOR LATCH LH,255.0,MARUTI SUZUKI,Door Lock Cylinder,Invicto
CABLE BACK DOOR OPENER,180.0,MARUTI SUZUKI,Door Lock Link,Invicto
WEATHERSTRIPFRONT DOOR OPNG,420.0,MARUTI SUZUKI,Door Seal,Invicto
PANEL FRONT FENDER LH,1945.0,MARUTI SUZUKI,Fender,Invicto
COVERSPLASHR,135.0,MARUTI SUZUKI,Fender Trim,Invicto
UNIT HEADLAMP RH,21415.0,MARUTI SUZUKI,Headlight,Invicto
Rear Combination Lamp Right,2887.0,Auto Gold,Rear Lamp,Invicto
PANEL ASSYFRONT DOORL,7995.0,MARUTI SUZUKI,Door Outer Panel,Invicto
PANEL QUARTER LH,3315.0,MARUTI SUZUKI,Quarter Panel,Invicto
GLASS QTR WINDOW RH,1605.0,MARUTI SUZUKI,Side Window,Invicto
Side Rear View Mirror Left,3068.0,Royal,Side Mirror,Invicto
FRONT BUMPER,1575.0,MARUTI SUZUKI,Front Bumper,Jimny
REAR BUMPER,2406.0,MARUTI SUZUKI,Rear Bumper,Jimny
PANELFRONT HOOD,2091.0,MARUTI SUZUKI,Bonnet Lid,Jimny
LATCH COMPHOOD,202.0,MARUTI SUZUKI,Bonnet Lock,Jimny
SEALHOOD REAR,135.0,MARUTI SUZUKI,Bonnet Seal,Jimny
CLIP,8.0,MARUTI SUZUKI,Bonnet Stay Rod Holder,Jimny
STAY FR HOOD,57.0,MARUTI SUZUKI,Bonnet Strut,Jimny
BOOT REAR TRUNK,2500.0,MARUTI SUZUKI,Boot,Jimny
MIRROR ASSYOUT REAR VIEW L,2100.0,MARUTI SUZUKI,Outside Mirror,Jimny
GLASSWINDSHIELD,4140.0,MARUTI SUZUKI,Front Windshield,Jimny
GLASSBACK DOOR WINDOW,1544.0,MARUTI SUZUKI,Rear Windshield,Jimny
MOLDING WINDSHIELD,440.0,MARUTI SUZUKI,Windshield Seal,Jimny
STRIKER COMPBACK DOOR LATCH,65.0,MARUTI SUZUKI,Door Catch,Jimny
STOP COMPSIDE DOOR OPEN,155.0,MARUTI SUZUKI,Door Check Arm,Jimny
HANDLE ASSY SIDE DOOR OUT LH (BLACK),254.0,MARUTI SUZUKI,Door Handle,Jimny
HINGE FRONT DOOR LOWER LH,165.0,MARUTI SUZUKI,Door Hinge,Jimny
LATCH ASSY REAR DOOR L,1032.0,MARUTI SUZUKI,Door Latch,Jimny
CYLINDER FR DOOR LATCH LH,255.0,MARUTI SUZUKI,Door Lock Cylinder,Jimny
CABLE BACK DOOR OPENER,180.0,MARUTI SUZUKI,Door Lock Link,Jimny
WEATHERSTRIPFRONT DOOR OPNG,420.0,MARUTI SUZUKI,Door Seal,Jimny
PANEL FRONT FENDER LH,1945.0,MARUTI SUZUKI,Fender,Jimny
COVERSPLASHR,135.0,MARUTI SUZUKI,Fender Trim,Jimny
UNIT HEADLAMP RH,21415.0,MARUTI SUZUKI,Headlight,Jimny
Rear Combination Lamp Right,2887.0,Auto Gold,Rear Lamp,Jimny
PANEL ASSYFRONT DOORL,7995.0,MARUTI SUZUKI,Door Outer Panel,Jimny
PANEL QUARTER LH,3315.0,MARUTI SUZUKI,Quarter Panel,Jimny
GLASS QTR WINDOW RH,1605.0,MARUTI SUZUKI,Side Window,Jimny
Side Rear View Mirror Left,3068.0,Royal,Side Mirror,Jimny
FRONT BUMPER,1575.0,MARUTI SUZUKI,Front Bumper,Kizashi
REAR BUMPER,2406.0,MARUTI SUZUKI,Rear Bumper,Kizashi
PANELFRONT HOOD,2091.0,MARUTI SUZUKI,Bonnet Lid,Kizashi
LATCH COMPHOOD,202.0,MARUTI SUZUKI,Bonnet Lock,Kizashi
SEALHOOD REAR,135.0,MARUTI SUZUKI,Bonnet Seal,Kizashi
CLIP,8.0,MARUTI SUZUKI,Bonnet Stay Rod Holder,Kizashi
STAY FR HOOD,57.0,MARUTI SUZUKI,Bonnet Strut,Kizashi
BOOT REAR TRUNK,2500.0,MARUTI SUZUKI,Boot,Kizashi
MIRROR ASSYOUT REAR VIEW L,2100.0,MARUTI SUZUKI,Outside Mirror,Kizashi
GLASSWINDSHIELD,4140.0,MARUTI SUZUKI,Front Windshield,Kizashi
GLASSBACK DOOR WINDOW,1544.0,MARUTI SUZUKI,Rear Windshield,Kizashi
MOLDING WINDSHIELD,440.0,MARUTI SUZUKI,Windshield Seal,Kizashi
STRIKER COMPBACK DOOR LATCH,65.0,MARUTI SUZUKI,Door Catch,Kizashi
STOP COMPSIDE DOOR OPEN,155.0,MARUTI SUZUKI,Door Check Arm,Kizashi
HANDLE ASSY SIDE DOOR OUT LH (BLACK),254.0,MARUTI SUZUKI,Door Handle,Kizashi
HINGE FRONT DOOR LOWER LH,165.0,MARUTI SUZUKI,Door Hinge,Kizashi
LATCH ASSY REAR DOOR L,1032.0,MARUTI SUZUKI,Door Latch,Kizashi
CYLINDER FR DOOR LATCH LH,255.0,MARUTI SUZUKI,Door Lock Cylinder,Kizashi
CABLE BACK DOOR OPENER,180.0,MARUTI SUZUKI,Door Lock Link,Kizashi
WEATHERSTRIPFRONT DOOR OPNG,420.0,MARUTI SUZUKI,Door Seal,Kizashi
PANEL FRONT FENDER LH,1945.0,MARUTI SUZUKI,Fender,Kizashi
COVERSPLASHR,135.0,MARUTI SUZUKI,Fender Trim,Kizashi
UNIT HEADLAMP RH,21415.0,MARUTI SUZUKI,Headlight,Kizashi
Rear Combination Lamp Right,2887.0,Auto Gold,Rear Lamp,Kizashi
PANEL ASSYFRONT DOORL,7995.0,MARUTI SUZUKI,Door Outer Panel,Kizashi
PANEL QUARTER LH,3315.0,MARUTI SUZUKI,Quarter Panel,Kizashi
GLASS QTR WINDOW RH,1605.0,MARUTI SUZUKI,Side Window,Kizashi
Side Rear View Mirror Left,3068.0,Royal,Side Mirror,Kizashi
FRONT BUMPER,1575.0,MARUTI SUZUKI,Front Bumper,S-Cross
REAR BUMPER,2406.0,MARUTI SUZUKI,Rear Bumper,S-Cross
PANELFRONT HOOD,2091.0,MARUTI SUZUKI,Bonnet Lid,S-Cross
LATCH COMPHOOD,202.0,MARUTI SUZUKI,Bonnet Lock,S-Cross
SEALHOOD REAR,135.0,MARUTI SUZUKI,Bonnet Seal,S-Cross
CLIP,8.0,MARUTI SUZUKI,Bonnet Stay Rod Holder,S-Cross
STAY FR HOOD,57.0,MARUTI SUZUKI,Bonnet Strut,S-Cross
BOOT REAR TRUNK,2500.0,MARUTI SUZUKI,Boot,S-Cross
MIRROR ASSYOUT REAR VIEW L,2100.0,MARUTI SUZUKI,Outside Mirror,S-Cross
GLASSWINDSHIELD,4140.0,MARUTI SUZUKI,Front Windshield,S-Cross
GLASSBACK DOOR WINDOW,1544.0,MARUTI SUZUKI,Rear Windshield,S-Cross
MOLDING WINDSHIELD,440.0,MARUTI SUZUKI,Windshield Seal,S-Cross
STRIKER COMPBACK DOOR LATCH,65.0,MARUTI SUZUKI,Door Catch,S-Cross
STOP COMPSIDE DOOR OPEN,155.0,MARUTI SUZUKI,Door Check Arm,S-Cross
HANDLE ASSY SIDE DOOR OUT LH (BLACK),254.0,MARUTI SUZUKI,Door Handle,S-Cross
HINGE FRONT DOOR LOWER LH,165.0,MARUTI SUZUKI,Door Hinge,S-Cross
LATCH ASSY REAR DOOR L,1032.0,MARUTI SUZUKI,Door Latch,S-Cross
CYLINDER FR DOOR LATCH LH,255.0,MARUTI SUZUKI,Door Lock Cylinder,S-Cross
CABLE BACK DOOR OPENER,180.0,MARUTI SUZUKI,Door Lock Link,S-Cross
WEATHERSTRIPFRONT DOOR OPNG,420.0,MARUTI SUZUKI,Door Seal,S-Cross
PANEL FRONT FENDER LH,1945.0,MARUTI SUZUKI,Fender,S-Cross
COVERSPLASHR,135.0,MARUTI SUZUKI,Fender Trim,S-Cross
UNIT HEADLAMP RH,21415.0,MARUTI SUZUKI,Headlight,S-Cross
Rear Combination Lamp Right,2887.0,Auto Gold,Rear Lamp,S-Cross
PANEL ASSYFRONT DOORL,7995.0,MARUTI SUZUKI,Door Outer Panel,S-Cross
PANEL QUARTER LH,3315.0,MARUTI SUZUKI,Quarter Panel,S-Cross
GLASS QTR WINDOW RH,1605.0,MARUTI SUZUKI,Side Window,S-Cross
Side Rear View Mirror Left,3068.0,Royal,Side Mirror,S-Cross
FRONT BUMPER,1575.0,MARUTI SUZUKI,Front Bumper,XL6
REAR BUMPER,2406.0,MARUTI SUZUKI,Rear Bumper,XL6
PANELFRONT HOOD,2091.0,MARUTI SUZUKI,Bonnet Lid,XL6
LATCH COMPHOOD,202.0,MARUTI SUZUKI,Bonnet Lock,XL6
SEALHOOD REAR,135.0,MARUTI SUZUKI,Bonnet Seal,XL6
CLIP,8.0,MARUTI SUZUKI,Bonnet Stay Rod Holder,XL6
STAY FR HOOD,57.0,MARUTI SUZUKI,Bonnet Strut,XL6
BOOT REAR TRUNK,2500.0,MARUTI SUZUKI,Boot,XL6
MIRROR ASSYOUT REAR VIEW L,2100.0,MARUTI SUZUKI,Outside Mirror,XL6
GLASSWINDSHIELD,4140.0,MARUTI SUZUKI,Front Windshield,XL6
GLASSBACK DOOR WINDOW,1544.0,MARUTI SUZUKI,Rear Windshield,XL6
MOLDING WINDSHIELD,440.0,MARUTI SUZUKI,Windshield Seal,XL6
STRIKER COMPBACK DOOR LATCH,65.0,MARUTI SUZUKI,Door Catch,XL6
STOP COMPSIDE DOOR OPEN,155.0,MARUTI SUZUKI,Door Check Arm,XL6
HANDLE ASSY SIDE DOOR OUT LH (BLACK),254.0,MARUTI SUZUKI,Door Handle,XL6
HINGE FRONT DOOR LOWER LH,165.0,MARUTI SUZUKI,Door Hinge,XL6
LATCH ASSY REAR DOOR L,1032.0,MARUTI SUZUKI,Door Latch,XL6
CYLINDER FR DOOR LATCH LH,255.0,MARUTI SUZUKI,Door Lock Cylinder,XL6
CABLE BACK DOOR OPENER,180.0,MARUTI SUZUKI,Door Lock Link,XL6
WEATHERSTRIPFRONT DOOR OPNG,420.0,MARUTI SUZUKI,Door Seal,XL6
PANEL FRONT FENDER LH,1945.0,MARUTI SUZUKI,Fender,XL6
COVERSPLASHR,135.0,MARUTI SUZUKI,Fender Trim,XL6
UNIT HEADLAMP RH,21415.0,MARUTI SUZUKI,Headlight,XL6
Rear Combination Lamp Right,2887.0,Auto Gold,Rear Lamp,XL6
PANEL ASSYFRONT DOORL,7995.0,MARUTI SUZUKI,Door Outer Panel,XL6
PANEL QUARTER LH,3315.0,MARUTI SUZUKI,Quarter Panel,XL6
GLASS QTR WINDOW RH,1605.0,MARUTI SUZUKI,Side Window,XL6
Side Rear View Mirror Left,3068.0,Royal,Side Mirror,XL6
FRONT BUMPER,1575.0,MARUTI SUZUKI,Front Bumper,Zen
REAR BUMPER,2406.0,MARUTI SUZUKI,Rear Bumper,Zen
PANELFRONT HOOD,2091.0,MARUTI SUZUKI,Bonnet Lid,Zen
LATCH COMPHOOD,202.0,MARUTI SUZUKI,Bonnet Lock,Zen
SEALHOOD REAR,135.0,MARUTI SUZUKI,Bonnet Seal,Zen
CLIP,8.0,MARUTI SUZUKI,Bonnet Stay Rod Holder,Zen
STAY FR HOOD,57.0,MARUTI SUZUKI,Bonnet Strut,Zen
BOOT REAR TRUNK,2500.0,MARUTI SUZUKI,Boot,Zen
MIRROR ASSYOUT REAR VIEW L,2100.0,MARUTI SUZUKI,Outside Mirror,Zen
GLASSWINDSHIELD,4140.0,MARUTI SUZUKI,Front Windshield,Zen
GLASSBACK DOOR WINDOW,1544.0,MARUTI SUZUKI,Rear Windshield,Zen
MOLDING WINDSHIELD,440.0,MARUTI SUZUKI,Windshield Seal,Zen
STRIKER COMPBACK DOOR LATCH,65.0,MARUTI SUZUKI,Door Catch,Zen
STOP COMPSIDE DOOR OPEN,155.0,MARUTI SUZUKI,Door Check Arm,Zen
HANDLE ASSY SIDE DOOR OUT LH (BLACK),254.0,MARUTI SUZUKI,Door Handle,Zen
HINGE FRONT DOOR LOWER LH,165.0,MARUTI SUZUKI,Door Hinge,Zen
LATCH ASSY REAR DOOR L,1032.0,MARUTI SUZUKI,Door Latch,Zen
CYLINDER FR DOOR LATCH LH,255.0,MARUTI SUZUKI,Door Lock Cylinder,Zen
CABLE BACK DOOR OPENER,180.0,MARUTI SUZUKI,Door Lock Link,Zen
WEATHERSTRIPFRONT DOOR OPNG,420.0,MARUTI SUZUKI,Door Seal,Zen
PANEL FRONT FENDER LH,1945.0,MARUTI SUZUKI,Fender,Zen
COVERSPLASHR,135.0,MARUTI SUZUKI,Fender Trim,Zen
UNIT HEADLAMP RH,21415.0,MARUTI SUZUKI,Headlight,Zen
Rear Combination Lamp Right,2887.0,Auto Gold,Rear Lamp,Zen
PANEL ASSYFRONT DOORL,7995.0,MARUTI SUZUKI,Door Outer Panel,Zen
PANEL QUARTER LH,3315.0,MARUTI SUZUKI,Quarter Panel,Zen
GLASS QTR WINDOW RH,1605.0,MARUTI SUZUKI,Side Window,Zen
Side Rear View Mirror Left,3068.0,Royal,Side Mirror,Zen
FRONT BUMPER,1575.0,MARUTI SUZUKI,Front Bumper,Zen Estilo
REAR BUMPER,2406.0,MARUTI SUZUKI,Rear Bumper,Zen Estilo
PANELFRONT HOOD,2091.0,MARUTI SUZUKI,Bonnet Lid,Zen Estilo
LATCH COMPHOOD,202.0,MARUTI SUZUKI,Bonnet Lock,Zen Estilo
SEALHOOD REAR,135.0,MARUTI SUZUKI,Bonnet Seal,Zen Estilo
CLIP,8.0,MARUTI SUZUKI,Bonnet Stay Rod Holder,Zen Estilo
STAY FR HOOD,57.0,MARUTI SUZUKI,Bonnet Strut,Zen Estilo
BOOT REAR TRUNK,2500.0,MARUTI SUZUKI,Boot,Zen Estilo
MIRROR ASSYOUT REAR VIEW L,2100.0,MARUTI SUZUKI,Outside Mirror,Zen Estilo
GLASSWINDSHIELD,4140.0,MARUTI SUZUKI,Front Windshield,Zen Estilo
GLASSBACK DOOR WINDOW,1544.0,MARUTI SUZUKI,Rear Windshield,Zen Estilo
MOLDING WINDSHIELD,440.0,MARUTI SUZUKI,Windshield Seal,Zen Estilo
STRIKER COMPBACK DOOR LATCH,65.0,MARUTI SUZUKI,Door Catch,Zen Estilo
STOP COMPSIDE DOOR OPEN,155.0,MARUTI SUZUKI,Door Check Arm,Zen Estilo
HANDLE ASSY SIDE DOOR OUT LH (BLACK),254.0,MARUTI SUZUKI,Door Handle,Zen Estilo
HINGE FRONT DOOR LOWER LH,165.0,MARUTI SUZUKI,Door Hinge,Zen Estilo
LATCH ASSY REAR DOOR L,1032.0,MARUTI SUZUKI,Door Latch,Zen Estilo
CYLINDER FR DOOR LATCH LH,255.0,MARUTI SUZUKI,Door Lock Cylinder,Zen Estilo
CABLE BACK DOOR OPENER,180.0,MARUTI SUZUKI,Door Lock Link,Zen Estilo
WEATHERSTRIPFRONT DOOR OPNG,420.0,MARUTI SUZUKI,Door Seal,Zen Estilo
PANEL FRONT FENDER LH,1945.0,MARUTI SUZUKI,Fender,Zen Estilo
COVERSPLASHR,135.0,MARUTI SUZUKI,Fender Trim,Zen Estilo
UNIT HEADLAMP RH,21415.0,MARUTI SUZUKI,Headlight,Zen Estilo
Rear Combination Lamp Right,2887.0,Auto Gold,Rear Lamp,Zen Estilo
PANEL ASSYFRONT DOORL,7995.0,MARUTI SUZUKI,Door Outer Panel,Zen Estilo
PANEL QUARTER LH,3315.0,MARUTI SUZUKI,Quarter Panel,Zen Estilo
GLASS QTR WINDOW RH,1605.0,MARUTI SUZUKI,Side Window,Zen Estilo
Side Rear View Mirror Left,3068.0,Royal,Side Mirror,Zen Estilo